Energy (eV),DOS,Intg. DOS
-12.883321,0.0,0.0
-12.866682,0.0,0.0
-12.850043,0.0,0.0
-12.833405,0.0,0.0
-12.816766,0.0,0.0
-12.800128,0.0,0.0
-12.783489,0.0,0.0
-12.766851,0.0,0.0
-12.750212,0.0,0.0
-12.733574,0.0,0.0
-12.716935,0.0,0.0
-12.700296,0.0,0.0
-12.683658,0.0,0.0
-12.667019,0.0,0.0
-12.650381,0.0,0.0
-12.633742,0.0,0.0
-12.617104,0.0,0.0
-12.600465,0.0,0.0
-12.583827,0.0,0.0
-12.567188,0.0,0.0
-12.550549,0.0,0.0
-12.533911,0.0,0.0
-12.517272,0.0,0.0
-12.500634,0.0,0.0
-12.483995,0.0,0.0
-12.467357,0.0,0.0
-12.450718,0.0,0.0
-12.43408,0.0,0.0
-12.417441,0.0,0.0
-12.400802,0.0,0.0
-12.384164,0.0,0.0
-12.367525,0.0,0.0
-12.350887,0.0,0.0
-12.334248,0.0,0.0
-12.31761,0.0,0.0
-12.300971,0.0,0.0
-12.284333,0.0,0.0
-12.267694,0.0,0.0
-12.251055,0.0,0.0
-12.234417,0.0,0.0
-12.217778,0.0,0.0
-12.20114,0.0,0.0
-12.184501,0.0,0.0
-12.167863,0.0,0.0
-12.151224,0.0,0.0
-12.134586,0.0,0.0
-12.117947,0.0,0.0
-12.101308,0.0,0.0
-12.08467,0.0,0.0
-12.068031,0.0,0.0
-12.051393,0.0,0.0
-12.034754,0.0,0.0
-12.018116,0.0,0.0
-12.001477,0.0,0.0
-11.984839,0.0,0.0
-11.9682,0.0,0.0
-11.951561,0.0,0.0
-11.934923,0.0,0.0
-11.918284,0.0,0.0
-11.901646,0.0,0.0
-11.885007,0.0,0.0
-11.868369,0.0,0.0
-11.85173,0.0,0.0
-11.835092,0.0,0.0
-11.818453,0.0,0.0
-11.801814,0.0,0.0
-11.785176,0.0,0.0
-11.768537,0.0,0.0
-11.751899,0.0,0.0
-11.73526,0.0,0.0
-11.718622,0.0,0.0
-11.701983,0.0,0.0
-11.685345,0.0,0.0
-11.668706,0.0,0.0
-11.652067,0.0,0.0
-11.635429,0.0,0.0
-11.61879,0.0,0.0
-11.602152,0.0,0.0
-11.585513,0.0,0.0
-11.568875,0.0,0.0
-11.552236,0.0,0.0
-11.535598,0.0,0.0
-11.518959,0.0,0.0
-11.50232,0.0,0.0
-11.485682,0.0,0.0
-11.469043,0.0,0.0
-11.452405,0.0,0.0
-11.435766,0.0,0.0
-11.419128,0.0,0.0
-11.402489,0.0,0.0
-11.385851,0.0,0.0
-11.369212,0.0,0.0
-11.352573,0.0,0.0
-11.335935,0.0,0.0
-11.319296,0.0,0.0
-11.302658,0.0,0.0
-11.286019,0.0,0.0
-11.269381,0.0,0.0
-11.252742,0.0,0.0
-11.236104,0.0,0.0
-11.219465,0.0,0.0
-11.202826,0.0,0.0
-11.186188,0.0,0.0
-11.169549,0.0,0.0
-11.152911,0.0,0.0
-11.136272,0.0,0.0
-11.119634,0.0,0.0
-11.102995,0.0,0.0
-11.086357,0.0,0.0
-11.069718,0.0,0.0
-11.053079,0.0,0.0
-11.036441,0.0,0.0
-11.019802,0.0,0.0
-11.003164,0.0,0.0
-10.986525,0.0,0.0
-10.969887,0.0,0.0
-10.953248,0.0,0.0
-10.93661,0.0,0.0
-10.919971,0.0,0.0
-10.903332,0.0,0.0
-10.886694,0.0,0.0
-10.870055,0.0,0.0
-10.853417,0.0,0.0
-10.836778,0.0,0.0
-10.82014,0.0,0.0
-10.803501,0.0,0.0
-10.786863,0.0,0.0
-10.770224,0.0,0.0
-10.753585,0.0,0.0
-10.736947,0.0,0.0
-10.720308,0.001724,9e-06
-10.70367,0.007197,7.8e-05
-10.687031,0.014981,0.000261
-10.670393,0.017596,0.00054
-10.653754,0.017712,0.000834
-10.637116,0.02049,0.001151
-10.620477,0.023382,0.001516
-10.603839,0.026251,0.00193
-10.5872,0.028754,0.002388
-10.570561,0.030562,0.002883
-10.553923,0.032095,0.003404
-10.537284,0.033404,0.003949
-10.520646,0.034808,0.004516
-10.504007,0.036521,0.005109
-10.487369,0.038301,0.005732
-10.47073,0.040106,0.006384
-10.454092,0.042187,0.007068
-10.437453,0.044626,0.00779
-10.420814,0.047054,0.008553
-10.404176,0.049446,0.009355
-10.387537,0.051472,0.010196
-10.370899,0.053222,0.011067
-10.35426,0.054259,0.011963
-10.337622,0.054052,0.012866
-10.320983,0.054153,0.013764
-10.304345,0.05445,0.014668
-10.287706,0.054697,0.015576
-10.271067,0.054921,0.016488
-10.254429,0.055073,0.017403
-10.23779,0.055222,0.018321
-10.221152,0.055529,0.019242
-10.204513,0.05599,0.020169
-10.187875,0.056476,0.021105
-10.171236,0.056876,0.022048
-10.154598,0.057072,0.022997
-10.137959,0.057186,0.023947
-10.12132,0.057355,0.0249
-10.104682,0.057539,0.025856
-10.088043,0.057725,0.026814
-10.071405,0.058034,0.027777
-10.054766,0.058433,0.028746
-10.038128,0.059983,0.029729
-10.021489,0.063111,0.030751
-10.004851,0.066427,0.031831
-9.988212,0.069223,0.03296
-9.971573,0.072177,0.034136
-9.954935,0.075293,0.035362
-9.938296,0.078574,0.036642
-9.921658,0.08199,0.037978
-9.905019,0.085085,0.039369
-9.888381,0.08747,0.040805
-9.871742,0.089697,0.042278
-9.855104,0.092276,0.043792
-9.838465,0.094998,0.04535
-9.821826,0.097818,0.046954
-9.805188,0.100711,0.048605
-9.788549,0.103847,0.050306
-9.771911,0.107325,0.052063
-9.755272,0.110789,0.053877
-9.738634,0.114658,0.055752
-9.721995,0.118847,0.057695
-9.705357,0.123277,0.059708
-9.688718,0.128004,0.061798
-9.672079,0.13306,0.06397
-9.655441,0.139626,0.066235
-9.638802,0.148467,0.068629
-9.622164,0.182553,0.071389
-9.605525,0.167556,0.074309
-9.588887,0.169682,0.077115
-9.572248,0.17003,0.079947
-9.55561,0.16861,0.082756
-9.538971,0.168758,0.085564
-9.522332,0.16852,0.08837
-9.505694,0.171592,0.091189
-9.489055,0.177779,0.094098
-9.472417,0.183274,0.097106
-9.455778,0.175577,0.100128
-9.43914,0.174947,0.103029
-9.422501,0.176793,0.105955
-9.405863,0.178126,0.108907
-9.389224,0.183412,0.11191
-9.372585,0.193959,0.115046
-9.355947,0.209516,0.11838
-9.339308,0.221761,0.121979
-9.32267,0.229242,0.125749
-9.306031,0.228601,0.129555
-9.289393,0.238054,0.133394
-9.272754,0.273396,0.138099
-9.256116,0.248003,0.142347
-9.239477,0.257071,0.146532
-9.222838,0.271287,0.150938
-9.2062,0.32675,0.155555
-9.189561,0.295049,0.160982
-9.172923,0.230663,0.16526
-9.156284,0.105813,0.168184
-9.139646,0.0,0.168924
-9.123007,0.0,0.168924
-9.106369,0.0,0.168924
-9.08973,0.0,0.168924
-9.073091,0.0,0.168924
-9.056453,0.0,0.168924
-9.039814,0.0,0.168924
-9.023176,0.0,0.168924
-9.006537,0.0,0.168924
-8.989899,0.0,0.168924
-8.97326,0.0,0.168924
-8.956622,0.0,0.168924
-8.939983,0.0,0.168924
-8.923344,0.0,0.168924
-8.906706,0.0,0.168924
-8.890067,0.0,0.168924
-8.873429,0.0,0.168924
-8.85679,0.0,0.168924
-8.840152,0.0,0.168924
-8.823513,0.0,0.168924
-8.806875,0.0,0.168924
-8.790236,0.0,0.168924
-8.773597,0.0,0.168924
-8.756959,0.0,0.168924
-8.74032,0.0,0.168924
-8.723682,0.0,0.168924
-8.707043,0.0,0.168924
-8.690405,0.0,0.168924
-8.673766,0.0,0.168924
-8.657128,0.0,0.168924
-8.640489,0.0,0.168924
-8.62385,0.0,0.168924
-8.607212,0.0,0.168924
-8.590573,0.0,0.168924
-8.573935,0.0,0.168924
-8.557296,0.0,0.168924
-8.540658,0.0,0.168924
-8.524019,0.0,0.168924
-8.507381,0.0,0.168924
-8.490742,0.0,0.168924
-8.474103,0.0,0.168924
-8.457465,0.0,0.168924
-8.440826,0.0,0.168924
-8.424188,0.0,0.168924
-8.407549,0.0,0.168924
-8.390911,0.0,0.168924
-8.374272,0.0,0.168924
-8.357634,0.0,0.168924
-8.340995,0.0,0.168924
-8.324357,0.0,0.168924
-8.307718,0.0,0.168924
-8.291079,0.0,0.168924
-8.274441,0.0,0.168924
-8.257802,0.0,0.168924
-8.241164,0.0,0.168924
-8.224525,0.0,0.168924
-8.207887,0.0,0.168924
-8.191248,0.0,0.168924
-8.17461,0.0,0.168924
-8.157971,0.0,0.168924
-8.141332,0.0,0.168924
-8.124694,0.0,0.168924
-8.108055,0.0,0.168924
-8.091417,0.0,0.168924
-8.074778,0.0,0.168924
-8.05814,0.0,0.168924
-8.041501,0.0,0.168924
-8.024863,0.0,0.168924
-8.008224,0.0,0.168924
-7.991585,0.0,0.168924
-7.974947,0.0,0.168924
-7.958308,0.0,0.168924
-7.94167,0.0,0.168924
-7.925031,0.0,0.168924
-7.908393,0.0,0.168924
-7.891754,0.0,0.168924
-7.875116,0.0,0.168924
-7.858477,0.0,0.168924
-7.841838,0.0,0.168924
-7.8252,0.0,0.168924
-7.808561,0.0,0.168924
-7.791923,0.0,0.168924
-7.775284,0.0,0.168924
-7.758646,0.0,0.168924
-7.742007,0.0,0.168924
-7.725369,0.0,0.168924
-7.70873,0.0,0.168924
-7.692091,0.0,0.168924
-7.675453,0.0,0.168924
-7.658814,0.0,0.168924
-7.642176,0.0,0.168924
-7.625537,0.0,0.168924
-7.608899,0.0,0.168924
-7.59226,0.0,0.168924
-7.575622,0.0,0.168924
-7.558983,0.0,0.168924
-7.542344,0.0,0.168924
-7.525706,0.0,0.168924
-7.509067,0.0,0.168924
-7.492429,0.0,0.168924
-7.47579,0.0,0.168924
-7.459152,0.0,0.168924
-7.442513,0.0,0.168924
-7.425875,0.0,0.168924
-7.409236,0.0,0.168924
-7.392597,0.0,0.168924
-7.375959,0.0,0.168924
-7.35932,0.0,0.168924
-7.342682,0.0,0.168924
-7.326043,0.0,0.168924
-7.309405,0.0,0.168924
-7.292766,0.0,0.168924
-7.276128,0.0,0.168924
-7.259489,0.0,0.168924
-7.24285,0.0,0.168924
-7.226212,0.0,0.168924
-7.209573,0.0,0.168924
-7.192935,0.0,0.168924
-7.176296,0.0,0.168924
-7.159658,0.0,0.168924
-7.143019,0.0,0.168924
-7.126381,0.0,0.168924
-7.109742,0.0,0.168924
-7.093103,0.0,0.168924
-7.076465,0.0,0.168924
-7.059826,0.0,0.168924
-7.043188,0.0,0.168924
-7.026549,0.0,0.168924
-7.009911,0.0,0.168924
-6.993272,0.0,0.168924
-6.976634,0.0,0.168924
-6.959995,0.0,0.168924
-6.943356,0.0,0.168924
-6.926718,0.0,0.168924
-6.910079,0.0,0.168924
-6.893441,0.0,0.168924
-6.876802,0.0,0.168924
-6.860164,0.0,0.168924
-6.843525,0.0,0.168924
-6.826887,0.0,0.168924
-6.810248,0.0,0.168924
-6.793609,0.0,0.168924
-6.776971,0.0,0.168924
-6.760332,0.0,0.168924
-6.743694,0.0,0.168924
-6.727055,0.0,0.168924
-6.710417,0.0,0.168924
-6.693778,0.0,0.168924
-6.67714,0.0,0.168924
-6.660501,0.0,0.168924
-6.643862,0.0,0.168924
-6.627224,0.0,0.168924
-6.610585,0.0,0.168924
-6.593947,0.0,0.168924
-6.577308,0.0,0.168924
-6.56067,0.0,0.168924
-6.544031,0.0,0.168924
-6.527393,0.0,0.168924
-6.510754,0.0,0.168924
-6.494115,0.0,0.168924
-6.477477,0.0,0.168924
-6.460838,0.0,0.168924
-6.4442,0.0,0.168924
-6.427561,0.0,0.168924
-6.410923,0.0,0.168924
-6.394284,0.0,0.168924
-6.377646,0.0,0.168924
-6.361007,0.0,0.168924
-6.344368,0.0,0.168924
-6.32773,0.0,0.168924
-6.311091,0.0,0.168924
-6.294453,0.0,0.168924
-6.277814,0.0,0.168924
-6.261176,0.0,0.168924
-6.244537,0.0,0.168924
-6.227899,0.0,0.168924
-6.21126,0.0,0.168924
-6.194621,0.0,0.168924
-6.177983,0.0,0.168924
-6.161344,0.0,0.168924
-6.144706,0.0,0.168924
-6.128067,0.0,0.168924
-6.111429,0.0,0.168924
-6.09479,0.0,0.168924
-6.078152,0.0,0.168924
-6.061513,0.0,0.168924
-6.044875,0.0,0.168924
-6.028236,0.0,0.168924
-6.011597,0.0,0.168924
-5.994959,0.0,0.168924
-5.97832,0.0,0.168924
-5.961682,0.0,0.168924
-5.945043,0.0,0.168924
-5.928405,0.0,0.168924
-5.911766,0.0,0.168924
-5.895128,0.0,0.168924
-5.878489,0.0,0.168924
-5.86185,0.0,0.168924
-5.845212,0.0,0.168924
-5.828573,0.0,0.168924
-5.811935,0.0,0.168924
-5.795296,0.0,0.168924
-5.778658,0.0,0.168924
-5.762019,0.0,0.168924
-5.745381,0.0,0.168924
-5.728742,0.0,0.168924
-5.712103,0.0,0.168924
-5.695465,0.0,0.168924
-5.678826,0.0,0.168924
-5.662188,0.0,0.168924
-5.645549,0.0,0.168924
-5.628911,0.0,0.168924
-5.612272,0.0,0.168924
-5.595634,0.0,0.168924
-5.578995,0.0,0.168924
-5.562356,0.0,0.168924
-5.545718,0.0,0.168924
-5.529079,0.0,0.168924
-5.512441,0.0,0.168924
-5.495802,0.0,0.168924
-5.479164,0.0,0.168924
-5.462525,0.0,0.168924
-5.445887,0.0,0.168924
-5.429248,0.0,0.168924
-5.412609,0.0,0.168924
-5.395971,0.0,0.168924
-5.379332,0.0,0.168924
-5.362694,0.000878,0.168926
-5.346055,0.008452,0.168999
-5.329417,0.018447,0.16922
-5.312778,0.030517,0.169624
-5.29614,0.044664,0.170247
-5.279501,0.059461,0.171119
-5.262862,0.069584,0.172197
-5.246224,0.076555,0.173416
-5.229585,0.081492,0.174733
-5.212947,0.087307,0.176134
-5.196308,0.095385,0.177653
-5.17967,0.102514,0.179299
-5.163031,0.111309,0.181074
-5.146393,0.122044,0.183013
-5.129754,0.134244,0.185144
-5.113115,0.147654,0.187488
-5.096477,0.159456,0.190046
-5.079838,0.16865,0.19278
-5.0632,0.174928,0.195642
-5.046561,0.178764,0.198587
-5.029923,0.180114,0.201575
-5.013284,0.181079,0.204581
-4.996646,0.18298,0.207606
-4.980007,0.188239,0.210688
-4.963368,0.197514,0.213892
-4.94673,0.21068,0.217283
-4.930091,0.235233,0.220949
-4.913453,0.262522,0.225098
-4.896814,0.283422,0.22965
-4.880176,0.29732,0.234489
-4.863537,0.307983,0.239527
-4.846899,0.316938,0.244729
-4.83026,0.3246,0.250067
-4.813621,0.331667,0.255528
-4.796983,0.338469,0.261102
-4.780344,0.374215,0.266935
-4.763706,0.406909,0.27348
-4.747067,0.41873,0.280351
-4.730429,0.423021,0.287413
-4.71379,0.409396,0.294346
-4.697152,0.392278,0.301019
-4.680513,0.374015,0.307387
-4.663874,0.36388,0.313517
-4.647236,0.358531,0.319524
-4.630597,0.355371,0.325456
-4.613959,0.354738,0.331362
-4.59732,0.356657,0.337277
-4.580682,0.356443,0.343216
-4.564043,0.351054,0.34911
-4.547405,0.337376,0.354844
-4.530766,0.322675,0.360335
-4.514127,0.308092,0.365582
-4.497489,0.293791,0.370591
-4.48085,0.282437,0.375434
-4.464212,0.237912,0.379717
-4.447573,0.215445,0.383468
-4.430935,0.201776,0.386933
-4.414296,0.190961,0.390197
-4.397658,0.184252,0.393306
-4.381019,0.182568,0.396356
-4.36438,0.182346,0.399389
-4.347742,0.183953,0.402434
-4.331103,0.186962,0.405518
-4.314465,0.190461,0.408658
-4.297826,0.19415,0.411857
-4.281188,0.199361,0.415127
-4.264549,0.207178,0.418508
-4.247911,0.213071,0.422008
-4.231272,0.217312,0.425588
-4.214633,0.219409,0.429225
-4.197995,0.218765,0.432874
-4.181356,0.215228,0.436489
-4.164718,0.210069,0.440026
-4.148079,0.206271,0.443487
-4.131441,0.185248,0.446774
-4.114802,0.151887,0.449569
-4.098164,0.144815,0.452027
-4.081525,0.137298,0.454377
-4.064886,0.131099,0.456605
-4.048248,0.12716,0.458753
-4.031609,0.123912,0.460841
-4.014971,0.120736,0.462876
-3.998332,0.117693,0.464859
-3.981694,0.11514,0.466796
-3.965055,0.112772,0.468692
-3.948417,0.110616,0.47055
-3.931778,0.108872,0.472375
-3.915139,0.107426,0.474174
-3.898501,0.106141,0.475951
-3.881862,0.104288,0.477703
-3.865224,0.102559,0.479423
-3.848585,0.101173,0.481117
-3.831947,0.100129,0.482792
-3.815308,0.099453,0.484451
-3.79867,0.099942,0.486104
-3.782031,0.104011,0.4878
-3.765393,0.109122,0.489571
-3.748754,0.115355,0.491437
-3.732115,0.122795,0.493417
-3.715477,0.131978,0.495531
-3.698838,0.156264,0.497926
-3.6822,0.171965,0.500659
-3.665561,0.185262,0.503635
-3.648923,0.196113,0.506811
-3.632284,0.204702,0.510148
-3.615646,0.210696,0.513608
-3.599007,0.213612,0.517141
-3.582368,0.218143,0.520726
-3.56573,0.226431,0.524426
-3.549091,0.231662,0.528236
-3.532453,0.237771,0.532135
-3.515814,0.241271,0.536129
-3.499176,0.238745,0.540127
-3.482537,0.23447,0.544065
-3.465899,0.228848,0.547922
-3.44926,0.223881,0.551685
-3.432621,0.218569,0.555368
-3.415983,0.211202,0.558946
-3.399344,0.201443,0.56238
-3.382706,0.194795,0.565671
-3.366067,0.192042,0.568886
-3.349429,0.191237,0.572072
-3.33279,0.191881,0.575259
-3.316152,0.189819,0.578435
-3.299513,0.187949,0.581578
-3.282874,0.186416,0.584691
-3.266236,0.186781,0.587792
-3.249597,0.205159,0.590966
-3.232959,0.229688,0.594628
-3.21632,0.22828,0.59847
-3.199682,0.22685,0.602238
-3.183043,0.228854,0.60603
-3.166405,0.230445,0.609852
-3.149766,0.232288,0.6137
-3.133127,0.234835,0.617586
-3.116489,0.237505,0.621515
-3.09985,0.239935,0.625488
-3.083212,0.241381,0.629494
-3.066573,0.243017,0.63352
-3.049935,0.245419,0.637584
-3.033296,0.248268,0.641687
-3.016658,0.26745,0.645975
-3.000019,0.265436,0.650429
-2.98338,0.25486,0.654763
-2.966742,0.242888,0.658901
-2.950103,0.23296,0.662857
-2.933465,0.225074,0.666664
-2.916826,0.220582,0.670362
-2.900188,0.219974,0.674027
-2.883549,0.219671,0.677684
-2.866911,0.22193,0.681352
-2.850272,0.214407,0.685007
-2.833633,0.209295,0.688525
-2.816995,0.205527,0.691976
-2.800356,0.202634,0.695369
-2.783718,0.20129,0.698727
-2.767079,0.201943,0.702079
-2.750441,0.203826,0.705454
-2.733802,0.206598,0.708867
-2.717164,0.210589,0.712336
-2.700525,0.215029,0.715877
-2.683886,0.218867,0.719489
-2.667248,0.220877,0.723149
-2.650609,0.220751,0.726829
-2.633971,0.218563,0.730484
-2.617332,0.216357,0.734102
-2.600694,0.214699,0.737687
-2.584055,0.214174,0.741253
-2.567417,0.213757,0.744815
-2.550778,0.212969,0.748366
-2.534139,0.212046,0.751901
-2.517501,0.211521,0.755424
-2.500862,0.212145,0.758946
-2.484224,0.214256,0.762492
-2.467585,0.215667,0.766069
-2.450947,0.217942,0.769676
-2.434308,0.219291,0.773316
-2.41767,0.219687,0.776967
-2.401031,0.221462,0.780634
-2.384392,0.225328,0.784349
-2.367754,0.230686,0.788141
-2.351115,0.235416,0.792023
-2.334477,0.236608,0.795955
-2.317838,0.237141,0.799885
-2.3012,0.242503,0.803876
-2.284561,0.245815,0.807941
-2.267923,0.248651,0.812055
-2.251284,0.251167,0.816214
-2.234645,0.253247,0.820411
-2.218007,0.254958,0.824639
-2.201368,0.256517,0.828894
-2.18473,0.257512,0.833172
-2.168091,0.256637,0.837452
-2.151453,0.254132,0.841704
-2.134814,0.250384,0.845899
-2.118176,0.246664,0.850036
-2.101537,0.242491,0.854106
-2.084898,0.238592,0.858108
-2.06826,0.234205,0.862042
-2.051621,0.228701,0.865896
-2.034983,0.222924,0.869649
-2.018344,0.217775,0.873315
-2.001706,0.213156,0.876899
-1.985067,0.209552,0.880413
-1.968429,0.208308,0.883886
-1.95179,0.210535,0.887367
-1.935151,0.213685,0.890896
-1.918513,0.216749,0.894477
-1.901874,0.218954,0.898104
-1.885236,0.219313,0.901753
-1.868597,0.220117,0.905402
-1.851959,0.221051,0.909071
-1.83532,0.223077,0.912765
-1.818682,0.225282,0.916495
-1.802043,0.227764,0.920263
-1.785404,0.230565,0.924076
-1.768766,0.233552,0.927937
-1.752127,0.234368,0.931839
-1.735489,0.231748,0.935718
-1.71885,0.228106,0.939545
-1.702212,0.22359,0.943304
-1.685573,0.218518,0.946982
-1.668935,0.212952,0.950573
-1.652296,0.207601,0.954068
-1.635657,0.205562,0.957505
-1.619019,0.202423,0.960901
-1.60238,0.20191,0.96425
-1.585742,0.205619,0.967643
-1.569103,0.207486,0.971083
-1.552465,0.209802,0.974546
-1.535826,0.216413,0.978095
-1.519188,0.220589,0.981734
-1.502549,0.223031,0.985426
-1.485911,0.224809,0.989152
-1.469272,0.226226,0.992905
-1.452633,0.227278,0.996678
-1.435995,0.22818,1.000467
-1.419356,0.230671,1.004278
-1.402718,0.234366,1.008147
-1.386079,0.235813,1.012062
-1.369441,0.236135,1.015989
-1.352802,0.237325,1.019929
-1.336164,0.237777,1.023881
-1.319525,0.237718,1.027837
-1.302886,0.234221,1.031764
-1.286248,0.234066,1.035654
-1.269609,0.237088,1.03959
-1.252971,0.217161,1.043378
-1.236332,0.194763,1.046802
-1.219694,0.181401,1.049936
-1.203055,0.166894,1.052827
-1.186417,0.156273,1.055512
-1.169778,0.147091,1.058035
-1.153139,0.139329,1.060414
-1.136501,0.130903,1.062671
-1.119862,0.121104,1.064765
-1.103224,0.11219,1.066705
-1.086585,0.106015,1.068515
-1.069947,0.101939,1.070244
-1.053308,0.098251,1.071909
-1.03667,0.094915,1.073516
-1.020031,0.092349,1.075071
-1.003392,0.091436,1.0766
-0.986754,0.088305,1.0781
-0.970115,0.084476,1.079532
-0.953477,0.082095,1.080917
-0.936838,0.079638,1.082263
-0.9202,0.077309,1.083568
-0.903561,0.07502,1.084836
-0.886923,0.072535,1.086064
-0.870284,0.069908,1.087249
-0.853645,0.067288,1.08839
-0.837007,0.064626,1.089488
-0.820368,0.061909,1.09054
-0.80373,0.0594,1.091549
-0.787091,0.057139,1.092519
-0.770453,0.055266,1.093452
-0.753814,0.053981,1.094361
-0.737176,0.052424,1.095247
-0.720537,0.050593,1.096104
-0.703898,0.048455,1.096929
-0.68726,0.045997,1.097715
-0.670621,0.043355,1.098459
-0.653983,0.040168,1.099153
-0.637344,0.03728,1.099797
-0.620706,0.034717,1.100396
-0.604067,0.032829,1.100957
-0.587429,0.031158,1.101489
-0.57079,0.029733,1.101995
-0.554151,0.028526,1.10248
-0.537513,0.027268,1.102944
-0.520874,0.025829,1.103386
-0.504236,0.024185,1.103802
-0.487597,0.022448,1.10419
-0.470959,0.020828,1.10455
-0.45432,0.01936,1.104884
-0.437682,0.018037,1.105195
-0.421043,0.016855,1.105485
-0.404404,0.015948,1.105757
-0.387766,0.01662,1.106028
-0.371127,0.016417,1.106304
-0.354489,0.013732,1.106564
-0.33785,0.008494,1.106746
-0.321212,0.0065,1.106866
-0.304573,0.005687,1.106967
-0.287935,0.004996,1.107056
-0.271296,0.004403,1.107134
-0.254657,0.003908,1.107203
-0.238019,0.003506,1.107265
-0.22138,0.003135,1.10732
-0.204742,0.002783,1.107369
-0.188103,0.002447,1.107412
-0.171465,0.00213,1.10745
-0.154826,0.001829,1.107483
-0.138188,0.001546,1.107511
-0.121549,0.001281,1.107535
-0.10491,0.001033,1.107554
-0.088272,0.000803,1.107569
-0.071633,0.000566,1.107581
-0.054995,0.000333,1.107588
-0.038356,0.000162,1.107592
-0.021718,5.2e-05,1.107594
-0.005079,3e-06,1.107594
0.011559,0.0,1.107594
0.028198,0.0,1.107594
0.044837,0.0,1.107594
0.061475,0.000112,1.107595
0.078114,0.00047,1.1076
0.094752,0.001074,1.107612
0.111391,0.001924,1.107637
0.128029,0.003017,1.107677
0.144668,0.004347,1.107738
0.161306,0.005684,1.107822
0.177945,0.006846,1.107926
0.194584,0.008082,1.10805
0.211222,0.009404,1.108196
0.227861,0.010812,1.108364
0.244499,0.012299,1.108556
0.261138,0.014151,1.108774
0.277776,0.016693,1.109031
0.294415,0.01906,1.109329
0.311053,0.02125,1.109664
0.327692,0.023211,1.110035
0.344331,0.024946,1.110435
0.360969,0.026486,1.110864
0.377608,0.027852,1.111316
0.394246,0.02905,1.111789
0.410885,0.030145,1.112282
0.427523,0.03116,1.112792
0.444162,0.032147,1.113319
0.4608,0.033442,1.113864
0.477439,0.035099,1.114434
0.494078,0.037131,1.115034
0.510716,0.039573,1.115671
0.527355,0.042449,1.116353
0.543993,0.045823,1.117087
0.560632,0.0497,1.117881
0.57727,0.054053,1.118743
0.593909,0.058871,1.119682
0.610547,0.064152,1.120705
0.627186,0.068559,1.121811
0.643825,0.072467,1.122985
0.660463,0.076611,1.124224
0.677102,0.081649,1.125539
0.69374,0.087107,1.126944
0.710379,0.091041,1.128428
0.727017,0.094432,1.129971
0.743656,0.097522,1.131568
0.760294,0.100321,1.133215
0.776933,0.10283,1.134905
0.793572,0.105048,1.136635
0.81021,0.107067,1.138399
0.826849,0.110869,1.140211
0.843487,0.114845,1.142089
0.860126,0.11886,1.144033
0.876764,0.122897,1.146045
0.893403,0.126887,1.148123
0.910041,0.130118,1.150262
0.92668,0.132228,1.152447
0.943318,0.133161,1.154656
0.959957,0.132933,1.156871
0.976596,0.131545,1.159073
0.993234,0.128999,1.161242
1.009873,0.125671,1.163361
1.026511,0.122728,1.165427
1.04315,0.120276,1.167448
1.059788,0.118315,1.169432
1.076427,0.117363,1.17139
1.093065,0.117884,1.173346
1.109704,0.118956,1.175316
1.126343,0.120538,1.177308
1.142981,0.122484,1.179336
1.15962,0.121055,1.181362
1.176258,0.119634,1.183364
1.192897,0.11822,1.185343
1.209535,0.116814,1.187298
1.226174,0.115375,1.18923
1.242812,0.113816,1.191137
1.259451,0.112123,1.193017
1.27609,0.110295,1.194868
1.292728,0.108417,1.196687
1.309367,0.107215,1.19848
1.326005,0.106463,1.200258
1.342644,0.104646,1.202008
1.359282,0.104396,1.203747
1.375921,0.104225,1.205483
1.392559,0.104068,1.207216
1.409198,0.10395,1.208946
1.425837,0.105512,1.210685
1.442475,0.109807,1.212473
1.459114,0.115633,1.214346
1.475752,0.122778,1.216328
1.492391,0.131116,1.218439
1.509029,0.140148,1.220695
1.525668,0.150016,1.223108
1.542306,0.160173,1.225688
1.558945,0.170437,1.228439
1.575584,0.180755,1.23136
1.592222,0.191281,1.234455
1.608861,0.202068,1.237727
1.625499,0.213134,1.241181
1.642138,0.224424,1.244821
1.658776,0.23557,1.248648
1.675415,0.245473,1.252653
1.692053,0.253705,1.256807
1.708692,0.261668,1.261095
1.725331,0.269838,1.265516
1.741969,0.278709,1.270078
1.758608,0.290335,1.274838
1.775246,0.295264,1.279693
1.791885,0.308947,1.284689
1.808523,0.296222,1.289702
1.825162,0.303075,1.294688
1.8418,0.308748,1.299784
1.858439,0.307813,1.304923
1.875078,0.312514,1.310094
1.891716,0.320626,1.315354
1.908355,0.329065,1.320761
1.924993,0.30901,1.326082
1.941632,0.29361,1.331087
1.95827,0.287789,1.335905
1.974909,0.28783,1.340689
1.991547,0.287087,1.345495
2.008186,0.283424,1.350187
2.024825,0.290887,1.354963
2.041463,0.299419,1.359872
2.058102,0.308834,1.364932
2.07474,0.319033,1.370154
2.091379,0.329653,1.375551
2.108017,0.339135,1.381117
2.124656,0.358276,1.386933
2.141294,0.373448,1.392998
2.157933,0.38432,1.399333
2.174572,0.39062,1.405779
2.19121,0.39762,1.412338
2.207849,0.402456,1.419
2.224487,0.405977,1.425722
2.241126,0.408877,1.432504
2.257764,0.414133,1.439336
2.274403,0.410222,1.446218
2.291041,0.40473,1.452988
2.30768,0.405655,1.459724
2.324319,0.408482,1.466496
2.340957,0.411536,1.473318
2.357596,0.414573,1.480191
2.374234,0.417547,1.487114
2.390873,0.420273,1.494084
2.407511,0.422495,1.501096
2.42415,0.424199,1.508141
2.440788,0.425657,1.515211
2.457427,0.42664,1.522302
2.474066,0.427051,1.529405
2.490704,0.428056,1.536516
2.507343,0.430048,1.543655
2.523981,0.431665,1.550824
2.54062,0.434632,1.558027
2.557258,0.439298,1.565299
2.573897,0.444387,1.572646
2.590535,0.451601,1.580098
2.607174,0.459767,1.587678
2.623813,0.468301,1.5954
2.640451,0.476,1.603257
2.65709,0.482668,1.611234
2.673728,0.488509,1.619314
2.690367,0.494092,1.627489
2.707005,0.499824,1.635757
2.723644,0.518386,1.644172
2.740282,0.485638,1.652397
2.756921,0.482589,1.660442
2.77356,0.48488,1.6685
2.790198,0.440997,1.676208
2.806837,0.413716,1.683293
2.823475,0.397997,1.690037
2.840114,0.388615,1.696572
2.856752,0.385254,1.703003
2.873391,0.384257,1.709406
2.890029,0.375919,1.715728
2.906668,0.358677,1.721866
2.923307,0.351594,1.727763
2.939945,0.348211,1.733582
2.956584,0.346981,1.739363
2.973222,0.347604,1.745138
2.989861,0.350966,1.750946
3.006499,0.357529,1.756836
3.023138,0.36703,1.76286
3.039776,0.375124,1.769038
3.056415,0.378899,1.775321
3.073054,0.376765,1.781613
3.089692,0.371129,1.787837
3.106331,0.366554,1.793971
3.122969,0.363622,1.800044
3.139608,0.360776,1.80607
3.156246,0.359595,1.81206
3.172885,0.360189,1.818048
3.189523,0.35951,1.824035
3.206162,0.359315,1.830015
3.2228,0.359139,1.835991
3.239439,0.360777,1.841978
3.256078,0.364241,1.848007
3.272716,0.379169,1.854152
3.289355,0.42577,1.860903
3.305993,0.388326,1.867684
3.322632,0.367086,1.873939
3.33927,0.364964,1.880008
3.355909,0.367349,1.8861
3.372547,0.369503,1.892231
3.389186,0.371486,1.898395
3.405825,0.374225,1.904597
3.422463,0.378378,1.910857
3.439102,0.382009,1.917185
3.45574,0.381941,1.923547
3.472379,0.376679,1.929866
3.489017,0.37353,1.936097
3.505656,0.375038,1.942319
3.522294,0.380338,1.948599
3.538933,0.3866,1.954985
3.555572,0.386023,1.961424
3.57221,0.391935,1.96789
3.588849,0.400035,1.974486
3.605487,0.40282,1.981173
3.622126,0.405828,1.987918
3.638764,0.404801,1.994665
3.655403,0.401972,2.001378
3.672041,0.400337,2.008055
3.68868,0.398506,2.014699
3.705319,0.398117,2.021327
3.721957,0.393842,2.027923
3.738596,0.385012,2.034398
3.755234,0.386437,2.040783
3.771873,0.396516,2.047346
3.788511,0.393095,2.053916
3.80515,0.389077,2.060424
3.821788,0.384427,2.06686
3.838427,0.378857,2.073212
3.855066,0.373069,2.079466
3.871704,0.36686,2.085624
3.888343,0.361021,2.091678
3.904981,0.35645,2.097645
3.92162,0.354468,2.103553
3.938258,0.343001,2.109381
3.954897,0.327215,2.114957
3.971535,0.311231,2.120269
3.988174,0.296794,2.125315
4.004813,0.289006,2.130187
4.021451,0.283828,2.134947
4.03809,0.283013,2.139656
4.054728,0.28137,2.144368
4.071367,0.276362,2.149007
4.088005,0.272022,2.153569
4.104644,0.268569,2.158064
4.121282,0.268396,2.162524
4.137921,0.275234,2.167036
4.15456,0.285443,2.171716
4.171198,0.302322,2.176574
4.187837,0.330663,2.181842
4.204475,0.362662,2.187589
4.221114,0.385578,2.193827
4.237752,0.404161,2.200399
4.254391,0.420831,2.207265
4.271029,0.43421,2.214387
4.287668,0.438193,2.221652
4.304307,0.417676,2.228905
4.320945,0.386775,2.235539
4.337584,0.36124,2.241757
4.354222,0.339554,2.247582
4.370861,0.321843,2.253079
4.387499,0.307861,2.258313
4.404138,0.296063,2.263336
4.420776,0.285092,2.26817
4.437415,0.274636,2.272825
4.454054,0.265226,2.277316
4.470692,0.254753,2.281645
4.487331,0.246034,2.285814
4.503969,0.237484,2.289831
4.520608,0.233158,2.293741
4.537246,0.230246,2.297598
4.553885,0.227362,2.301401
4.570523,0.226059,2.305172
4.587162,0.227209,2.308938
4.603801,0.230305,2.312744
4.620439,0.233813,2.316604
4.637078,0.236043,2.320521
4.653716,0.230981,2.32441
4.670355,0.231236,2.328248
4.686993,0.235229,2.332126
4.703632,0.241887,2.336087
4.72027,0.24519,2.34017
4.736909,0.221934,2.344095
4.753548,0.219484,2.347732
4.770186,0.222576,2.351409
4.786825,0.225782,2.355139
4.803463,0.230477,2.358927
4.820102,0.23552,2.362808
4.83674,0.239233,2.366758
4.853379,0.24273,2.370767
4.870017,0.24618,2.374835
4.886656,0.249934,2.378962
4.903295,0.253099,2.383149
4.919933,0.2529,2.38736
4.936572,0.253041,2.391568
4.95321,0.253384,2.395781
4.969849,0.25327,2.399997
4.986487,0.25249,2.404206
5.003126,0.251076,2.408395
5.019764,0.249506,2.41256
5.036403,0.247804,2.416697
5.053042,0.246147,2.420806
5.06968,0.244235,2.424887
5.086319,0.241581,2.428929
5.102957,0.238602,2.432924
5.119596,0.234965,2.436865
5.136234,0.230206,2.440736
5.152873,0.22323,2.444509
5.169511,0.215292,2.44816
5.18615,0.216503,2.451732
5.202789,0.212578,2.455273
5.219427,0.211829,2.458898
5.236066,0.195789,2.462262
5.252704,0.184949,2.465428
5.269343,0.177063,2.468438
5.285981,0.171166,2.471331
5.30262,0.167434,2.474145
5.319258,0.16897,2.476923
5.335897,0.166946,2.479735
5.352536,0.162337,2.482474
5.369174,0.158389,2.485138
5.385813,0.156568,2.487756
5.402451,0.156102,2.490355
5.41909,0.156937,2.492958
5.435728,0.15861,2.495582
5.452367,0.1609,2.498239
5.469005,0.16375,2.500939
5.485644,0.166575,2.50369
5.502282,0.170963,2.506482
5.518921,0.179949,2.509402
5.53556,0.188154,2.512465
5.552198,0.197526,2.515671
5.568837,0.205486,2.519028
5.585475,0.211607,2.522499
5.602114,0.216912,2.526065
5.618752,0.221401,2.529713
5.635391,0.224537,2.533425
5.652029,0.225775,2.537174
5.668668,0.225402,2.54093
5.685307,0.226044,2.544682
5.701945,0.229834,2.548471
5.718584,0.234535,2.552333
5.735222,0.242036,2.556291
5.751861,0.252893,2.560403
5.768499,0.26378,2.564685
5.785138,0.284313,2.569271
5.801776,0.291583,2.574056
5.818415,0.289331,2.57891
5.835054,0.278387,2.583625
5.851692,0.276417,2.588233
5.868331,0.277004,2.592834
5.884969,0.279453,2.597461
5.901608,0.281508,2.602136
5.918246,0.2845,2.606839
5.934885,0.287443,2.6116
5.951523,0.290425,2.616406
5.968162,0.294105,2.62127
5.984801,0.296546,2.626184
6.001439,0.298357,2.631134
6.018078,0.288842,2.636074
6.034716,0.273053,2.64073
6.051355,0.268471,2.64522
6.067993,0.272178,2.649712
6.084632,0.280318,2.654302
6.10127,0.292515,2.659062
6.117909,0.301467,2.664022
6.134548,0.307545,2.669086
6.151186,0.315684,2.674267
6.167825,0.330882,2.679643
6.184463,0.339621,2.685237
6.201102,0.317366,2.690788
6.21774,0.302288,2.695887
6.234379,0.296137,2.700866
6.251017,0.289443,2.705764
6.267656,0.263946,2.710356
6.284295,0.24636,2.714595
6.300933,0.231343,2.718564
6.317572,0.215947,2.722284
6.33421,0.20124,2.725752
6.350849,0.189009,2.728997
6.367487,0.178163,2.732049
6.384126,0.172101,2.734977
6.400764,0.16497,2.737778
6.417403,0.160078,2.740479
6.434042,0.153204,2.743089
6.45068,0.152021,2.745621
6.467319,0.152629,2.748155
6.483957,0.154872,2.750711
6.500596,0.157327,2.753308
6.517234,0.159754,2.755946
6.533873,0.162376,2.758626
6.550511,0.167132,2.761353
6.56715,0.175509,2.764212
6.583789,0.178367,2.767162
6.600427,0.179611,2.770141
6.617066,0.180937,2.77314
6.633704,0.182839,2.776164
6.650343,0.185337,2.779227
6.666981,0.187753,2.782331
6.68362,0.189945,2.785474
6.700258,0.190224,2.788639
6.716897,0.190723,2.791807
6.733536,0.192069,2.794991
6.750174,0.194291,2.798204
6.766813,0.197207,2.80146
6.783451,0.200696,2.80477
6.80009,0.204792,2.808142
6.816728,0.20877,2.811584
6.833367,0.212155,2.815087
6.850005,0.214184,2.818636
6.866644,0.214907,2.822207
6.883283,0.214664,2.825782
6.899921,0.214074,2.829348
6.91656,0.213738,2.832907
6.933198,0.213792,2.836463
6.949837,0.216632,2.840041
6.966475,0.220619,2.843677
6.983114,0.224575,2.847383
6.999752,0.23523,2.851157
7.016391,0.241315,2.855169
7.03303,0.242001,2.859187
7.049668,0.243075,2.863224
7.066307,0.243472,2.867271
7.082945,0.240507,2.871308
7.099584,0.237105,2.875278
7.116222,0.235585,2.879209
7.132861,0.233945,2.883116
7.149499,0.232103,2.886993
7.166138,0.23028,2.89084
7.182777,0.22837,2.894656
7.199415,0.226302,2.898439
7.216054,0.224052,2.902186
7.232692,0.226607,2.905918
7.249331,0.228861,2.909716
7.265969,0.225642,2.913501
7.282608,0.221229,2.917219
7.299246,0.216485,2.920861
7.315885,0.212583,2.924429
7.332524,0.208416,2.927934
7.349162,0.204544,2.931361
7.365801,0.20353,2.934756
7.382439,0.202622,2.938134
7.399078,0.200477,2.941492
7.415716,0.197448,2.944799
7.432355,0.197483,2.94808
7.448993,0.200113,2.951379
7.465632,0.203176,2.954745
7.482271,0.204733,2.958138
7.498909,0.206843,2.961561
7.515548,0.210098,2.965028
7.532186,0.214586,2.96856
7.548825,0.217938,2.97216
7.565463,0.222544,2.97582
7.582102,0.226583,2.979559
7.59874,0.228679,2.98335
7.615379,0.228983,2.987159
7.632018,0.229471,2.990972
7.648656,0.230504,2.994798
7.665295,0.233308,2.998655
7.681933,0.236651,3.002564
7.698572,0.240749,3.006535
7.71521,0.246662,3.010585
7.731849,0.264086,3.014791
7.748487,0.280459,3.019359
7.765126,0.282474,3.024045
7.781764,0.284916,3.028767
7.798403,0.283845,3.033504
7.815042,0.278346,3.038188
7.83168,0.275135,3.042788
7.848319,0.272704,3.047346
7.864957,0.270391,3.051863
7.881596,0.265929,3.056337
7.898234,0.259156,3.060685
7.914873,0.254578,3.064962
7.931511,0.252986,3.069182
7.94815,0.251502,3.073381
7.964789,0.249092,3.077546
7.981427,0.245697,3.081664
7.998066,0.2434,3.085735
8.014704,0.238756,3.089749
8.031343,0.233957,3.093681
8.047981,0.230384,3.097539
8.06462,0.227942,3.101353
8.081258,0.225101,3.105121
8.097897,0.22378,3.108852
8.114536,0.223685,3.112575
8.131174,0.225581,3.116306
8.147813,0.231447,3.120109
8.164451,0.234304,3.123987
8.18109,0.235323,3.127902
8.197728,0.235165,3.131816
8.214367,0.235311,3.135729
8.231005,0.235773,3.139648
8.247644,0.236577,3.143577
8.264283,0.240052,3.147524
8.280921,0.241674,3.15156
8.29756,0.240303,3.155567
8.314198,0.240956,3.159568
8.330837,0.243467,3.163595
8.347475,0.250151,3.167696
8.364114,0.252863,3.171882
8.380752,0.255217,3.176109
8.397391,0.257184,3.180372
8.41403,0.258817,3.184665
8.430668,0.259972,3.188982
8.447307,0.261223,3.193316
8.463945,0.263267,3.197679
8.480584,0.265462,3.202079
8.497222,0.265442,3.206498
8.513861,0.265982,3.210918
8.530499,0.266799,3.215351
8.547138,0.267757,3.219798
8.563777,0.26834,3.224258
8.580415,0.268596,3.228726
8.597054,0.268393,3.233193
8.613692,0.26689,3.237653
8.630331,0.263403,3.242065
8.646969,0.259726,3.246418
8.663608,0.255573,3.250705
8.680246,0.251175,3.254921
8.696885,0.24677,3.259064
8.713524,0.242028,3.263131
8.730162,0.235153,3.267104
8.746801,0.22619,3.270945
8.763439,0.216167,3.274623
8.780078,0.209297,3.278159
8.796716,0.204633,3.281599
8.813355,0.203355,3.284986
8.829993,0.209128,3.288407
8.846632,0.219958,3.291978
8.863271,0.228183,3.295711
8.879909,0.221574,3.299458
8.896548,0.222178,3.303148
8.913186,0.22402,3.306859
8.929825,0.227023,3.31061
8.946463,0.230301,3.314414
8.963102,0.233965,3.318276
8.97974,0.296035,3.323372
8.996379,0.30134,3.328303
9.013018,0.299507,3.333293
9.029656,0.299495,3.338276
9.046295,0.298299,3.343255
9.062933,0.299024,3.348213
9.079572,0.300801,3.353204
9.09621,0.304163,3.358234
9.112849,0.309696,3.363338
9.129487,0.321599,3.368585
9.146126,0.337855,3.374068
9.162765,0.358125,3.379857
9.179403,0.382355,3.386028
9.196042,0.391963,3.392492
9.21268,0.386145,3.398983
9.229319,0.369746,3.405287
9.245957,0.345932,3.41124
9.262596,0.333701,3.416873
9.279234,0.329884,3.422396
9.295873,0.32306,3.427828
9.312512,0.318801,3.433163
9.32915,0.318359,3.438458
9.345789,0.319003,3.443782
9.362427,0.320276,3.449038
9.379066,0.320244,3.454516
9.395704,0.277232,3.459365
9.412343,0.269135,3.463905
9.428981,0.263707,3.468334
9.44562,0.259471,3.472687
9.462259,0.256717,3.476976
9.478897,0.259426,3.481261
9.495536,0.267319,3.485631
9.512174,0.287438,3.49027
9.528813,0.287598,3.495058
9.545451,0.28534,3.499825
9.56209,0.284507,3.504563
9.578728,0.285804,3.509305
9.595367,0.288472,3.514082
9.612006,0.290444,3.5189
9.628644,0.292019,3.523745
9.645283,0.293294,3.528616
9.661921,0.293944,3.533501
9.67856,0.297974,3.538418
9.695198,0.307761,3.54345
9.711837,0.319633,3.548668
9.728475,0.333333,3.554101
9.745114,0.340369,3.55974
9.761753,0.313093,3.565205
9.778391,0.290949,3.570211
9.79503,0.281745,3.574959
9.811668,0.280842,3.579635
9.828307,0.281989,3.584316
9.844945,0.282649,3.589021
9.861584,0.275629,3.593667
9.878222,0.269959,3.598201
9.894861,0.262424,3.602634
9.9115,0.258713,3.606965
9.928138,0.25771,3.611259
9.944777,0.257048,3.615542
9.961415,0.255174,3.619806
9.978054,0.249112,3.624014
9.994692,0.244955,3.628118
10.011331,0.24324,3.632174
10.027969,0.246235,3.636239
10.044608,0.250168,3.640372
10.061246,0.251661,3.64455
10.077885,0.252267,3.648743
10.094524,0.251617,3.652938
10.111162,0.248586,3.657102
10.127801,0.243191,3.661201
10.144439,0.220469,3.665053
10.161078,0.202695,3.668564
10.177716,0.189695,3.671823
10.194355,0.17966,3.674892
10.210993,0.172178,3.677817
10.227632,0.166431,3.680631
10.244271,0.16136,3.683361
10.260909,0.154675,3.685988
10.277548,0.150434,3.688522
10.294186,0.146671,3.690996
10.310825,0.143503,3.693408
10.327463,0.140859,3.695774
10.344102,0.138629,3.698098
10.36074,0.136822,3.700389
10.377379,0.13557,3.702654
10.394018,0.134724,3.704903
10.410656,0.134144,3.707139
10.427295,0.133826,3.709368
10.443933,0.133771,3.711594
10.460572,0.133978,3.713821
10.47721,0.134557,3.716054
10.493849,0.135678,3.718302
10.510487,0.137332,3.720572
10.527126,0.139195,3.722873
10.543765,0.14196,3.725209
10.560403,0.144603,3.727594
10.577042,0.146363,3.730016
10.59368,0.14726,3.73246
10.610319,0.147837,3.734915
10.626957,0.148305,3.737379
10.643596,0.148706,3.73985
10.660234,0.149165,3.742328
10.676873,0.149726,3.744814
10.693512,0.15039,3.747311
10.71015,0.151088,3.749819
10.726789,0.151909,3.752339
10.743427,0.15441,3.754884
10.760066,0.159601,3.757492
10.776704,0.165878,3.760214
10.793343,0.161508,3.762952
10.809981,0.151035,3.765544
10.82662,0.145142,3.768006
10.843259,0.140747,3.770382
10.859897,0.137848,3.772698
10.876536,0.136379,3.774978
10.893174,0.13544,3.777239
10.909813,0.134836,3.779486
10.926451,0.135119,3.781731
10.94309,0.135631,3.783983
10.959728,0.136445,3.786246
10.976367,0.137183,3.788523
10.993006,0.137922,3.790811
11.009644,0.13876,3.793113
11.026283,0.139692,3.795429
11.042921,0.140717,3.797762
11.05956,0.141842,3.800113
11.076198,0.14287,3.802482
11.092837,0.143838,3.804867
11.109475,0.144929,3.807269
11.126114,0.146167,3.80969
11.142753,0.147593,3.812134
11.159391,0.148988,3.814602
11.17603,0.150255,3.817091
11.192668,0.151397,3.819601
11.209307,0.152411,3.822129
11.225945,0.153461,3.824673
11.242584,0.154693,3.827236
11.259222,0.156779,3.829825
11.275861,0.160431,3.832462
11.2925,0.164728,3.835167
11.309138,0.169274,3.837945
11.325777,0.17407,3.840801
11.342415,0.179128,3.843739
11.359054,0.181399,3.846751
11.375692,0.173642,3.849718
11.392331,0.195226,3.852744
11.408969,0.172753,3.855834
11.425608,0.130796,3.858378
11.442247,0.099973,3.860278
11.458885,0.082439,3.861777
11.475524,0.078078,3.863095
11.492162,0.078424,3.864397
11.508801,0.078762,3.865705
11.525439,0.079094,3.867018
11.542078,0.079419,3.868337
11.558716,0.079755,3.869661
11.575355,0.084701,3.871014
11.591994,0.098794,3.872535
11.608632,0.11194,3.874292
11.625271,0.122713,3.876247
11.641909,0.131099,3.878362
11.658548,0.137308,3.880597
11.675186,0.144073,3.882938
11.691825,0.150437,3.885389
11.708463,0.15632,3.887941
11.725102,0.161723,3.890588
11.741741,0.156112,3.893225
11.758379,0.165844,3.895904
11.775018,0.175389,3.898743
11.791656,0.184246,3.901736
11.808295,0.199414,3.904907
11.824933,0.228363,3.908452
11.841572,0.263005,3.912534
11.85821,0.327644,3.91727
11.874849,0.286108,3.922312
11.891488,0.273195,3.926954
11.908126,0.270314,3.93146
11.924765,0.276688,3.936001
11.941403,0.289264,3.940704
11.958042,0.303795,3.945638
11.97468,0.317861,3.95081
11.991319,0.330446,3.956207
12.007957,0.341847,3.9618
12.024596,0.354703,3.967588
12.041235,0.369012,3.973622
12.057873,0.360372,3.979707
12.074512,0.346335,3.985581
12.09115,0.344659,3.991323
12.107789,0.343904,3.997052
12.124427,0.342263,4.002763
12.141066,0.339342,4.008427
12.157704,0.338272,4.014065
12.174343,0.336358,4.019679
12.190982,0.33333,4.025252
12.20762,0.330054,4.030767
12.224259,0.346314,4.03634
12.240897,0.370715,4.042372
12.257536,0.354009,4.048445
12.274174,0.324069,4.054043
12.290813,0.320204,4.059402
12.307451,0.316362,4.064698
12.32409,0.31315,4.069931
12.340728,0.31263,4.075138
12.357367,0.311745,4.080332
12.374006,0.312043,4.085519
12.390644,0.305145,4.090665
12.407283,0.291605,4.095634
12.423921,0.276538,4.10036
12.44056,0.266837,4.104902
12.457198,0.245493,4.109174
12.473837,0.210181,4.112988
12.490475,0.158249,4.116076
12.507114,0.069318,4.118023
12.523753,0.006009,4.118528
12.540391,0.0,4.118543
12.55703,0.0,4.118543
12.573668,0.0,4.118543
12.590307,0.0,4.118543
12.606945,0.0,4.118543
12.623584,0.0,4.118543
12.640222,0.0,4.118543
12.656861,0.0,4.118543
12.6735,0.0,4.118543
12.690138,0.0,4.118543
12.706777,0.0,4.118543
12.723415,0.0,4.118543
12.740054,0.0,4.118543
12.756692,0.0,4.118543
12.773331,0.0,4.118543
12.789969,0.0,4.118543
12.806608,0.0,4.118543
12.823247,0.0,4.118543
12.839885,0.0,4.118543
12.856524,0.0,4.118543
12.873162,0.0,4.118543
12.889801,0.0,4.118543
12.906439,0.0,4.118543
12.923078,0.0,4.118543
12.939716,0.0,4.118543
12.956355,0.0,4.118543
12.972994,0.0,4.118543
12.989632,0.0,4.118543
13.006271,0.0,4.118543
13.022909,0.0,4.118543
13.039548,0.0,4.118543
13.056186,0.0,4.118543
13.072825,0.0,4.118543
13.089463,0.0,4.118543
13.106102,0.0,4.118543
13.122741,0.0,4.118543
13.139379,0.0,4.118543
13.156018,0.0,4.118543
13.172656,0.0,4.118543
13.189295,0.0,4.118543
13.205933,0.0,4.118543
13.222572,0.0,4.118543
13.23921,0.0,4.118543
13.255849,0.0,4.118543
13.272488,0.0,4.118543
13.289126,0.0,4.118543
13.305765,0.0,4.118543
13.322403,0.0,4.118543
13.339042,0.0,4.118543
13.35568,0.0,4.118543
13.372319,0.0,4.118543
13.388957,0.0,4.118543
13.405596,0.0,4.118543
13.422235,0.0,4.118543
13.438873,0.0,4.118543
13.455512,0.0,4.118543
13.47215,0.0,4.118543
13.488789,0.0,4.118543
13.505427,0.0,4.118543
13.522066,0.0,4.118543
13.538704,0.0,4.118543
13.555343,0.0,4.118543
13.571982,0.0,4.118543
13.58862,0.0,4.118543
13.605259,0.0,4.118543
13.621897,0.0,4.118543
13.638536,0.0,4.118543
13.655174,0.0,4.118543
13.671813,0.0,4.118543
13.688451,0.0,4.118543
13.70509,0.0,4.118543
13.721729,0.0,4.118543
13.738367,0.0,4.118543
13.755006,0.0,4.118543
13.771644,0.0,4.118543
13.788283,0.0,4.118543
13.804921,0.0,4.118543
13.82156,0.0,4.118543
13.838198,0.0,4.118543
13.854837,0.0,4.118543
13.871476,0.0,4.118543
13.888114,0.0,4.118543
13.904753,0.0,4.118543
13.921391,0.0,4.118543
13.93803,0.0,4.118543
13.954668,0.0,4.118543
13.971307,0.0,4.118543
13.987945,0.0,4.118543
14.004584,0.0,4.118543
14.021223,0.0,4.118543
14.037861,0.0,4.118543
14.0545,0.0,4.118543
14.071138,0.0,4.118543
14.087777,0.0,4.118543
14.104415,0.0,4.118543
14.121054,0.0,4.118543
14.137692,0.0,4.118543
14.154331,0.0,4.118543
14.17097,0.0,4.118543
14.187608,0.0,4.118543
14.204247,0.0,4.118543
14.220885,0.0,4.118543
14.237524,0.0,4.118543
14.254162,0.0,4.118543
14.270801,0.0,4.118543
14.287439,0.0,4.118543
14.304078,0.0,4.118543
14.320717,0.0,4.118543
14.337355,0.0,4.118543
14.353994,0.0,4.118543
14.370632,0.0,4.118543
14.387271,0.0,4.118543
14.403909,0.0,4.118543
14.420548,0.0,4.118543
14.437186,0.0,4.118543
14.453825,0.0,4.118543
14.470464,0.0,4.118543
14.487102,0.0,4.118543
14.503741,0.0,4.118543
14.520379,0.0,4.118543
14.537018,0.0,4.118543
14.553656,0.0,4.118543
14.570295,0.0,4.118543
14.586933,0.0,4.118543
14.603572,0.0,4.118543
14.620211,0.0,4.118543
14.636849,0.0,4.118543
14.653488,0.0,4.118543
14.670126,0.0,4.118543
14.686765,0.0,4.118543
14.703403,0.0,4.118543
14.720042,0.0,4.118543
14.73668,0.0,4.118543
14.753319,0.0,4.118543
14.769957,0.0,4.118543
14.786596,0.0,4.118543
14.803235,0.0,4.118543
14.819873,0.0,4.118543
14.836512,0.0,4.118543
14.85315,0.0,4.118543
14.869789,0.0,4.118543
14.886427,0.0,4.118543
14.903066,0.0,4.118543
14.919704,0.0,4.118543
14.936343,0.0,4.118543
14.952982,0.0,4.118543
14.96962,0.0,4.118543
14.986259,0.0,4.118543
15.002897,0.0,4.118543
15.019536,0.0,4.118543
15.036174,0.0,4.118543
15.052813,0.0,4.118543
15.069451,0.0,4.118543
15.08609,0.0,4.118543
15.102729,0.0,4.118543
15.119367,0.0,4.118543
15.136006,0.0,4.118543
15.152644,0.0,4.118543
15.169283,0.0,4.118543
15.185921,0.0,4.118543
15.20256,0.0,4.118543
15.219198,0.0,4.118543
15.235837,0.0,4.118543
15.252476,0.0,4.118543
15.269114,0.0,4.118543
15.285753,0.0,4.118543
15.302391,0.0,4.118543
15.31903,0.0,4.118543
15.335668,0.0,4.118543
15.352307,0.0,4.118543
15.368945,0.0,4.118543
15.385584,0.0,4.118543
15.402223,0.0,4.118543
15.418861,0.0,4.118543
15.4355,0.0,4.118543
15.452138,0.0,4.118543
15.468777,0.0,4.118543
15.485415,0.0,4.118543
15.502054,0.0,4.118543
15.518692,0.0,4.118543
15.535331,0.0,4.118543
15.55197,0.0,4.118543
15.568608,0.0,4.118543
15.585247,0.0,4.118543
15.601885,0.0,4.118543
15.618524,0.0,4.118543
15.635162,0.0,4.118543
15.651801,0.0,4.118543
15.668439,0.0,4.118543
15.685078,0.0,4.118543
15.701717,0.0,4.118543
15.718355,0.0,4.118543
15.734994,0.0,4.118543
15.751632,0.0,4.118543
15.768271,0.0,4.118543
15.784909,0.0,4.118543
15.801548,0.0,4.118543
15.818186,0.0,4.118543
15.834825,0.0,4.118543
15.851464,0.0,4.118543
15.868102,0.0,4.118543
15.884741,0.0,4.118543
15.901379,0.0,4.118543
15.918018,0.0,4.118543
15.934656,0.0,4.118543
15.951295,0.0,4.118543
15.967933,0.0,4.118543
15.984572,0.0,4.118543
16.001211,0.0,4.118543
16.017849,0.0,4.118543
16.034488,0.0,4.118543
16.051126,0.0,4.118543
16.067765,0.0,4.118543
16.084403,0.0,4.118543
16.101042,0.0,4.118543
16.11768,0.0,4.118543
16.134319,0.0,4.118543
16.150958,0.0,4.118543
16.167596,0.0,4.118543
16.184235,0.0,4.118543
16.200873,0.0,4.118543
16.217512,0.0,4.118543
16.23415,0.0,4.118543
16.250789,0.0,4.118543
16.267427,0.0,4.118543
16.284066,0.0,4.118543
16.300705,0.0,4.118543
16.317343,0.0,4.118543
16.333982,0.0,4.118543
16.35062,0.0,4.118543
16.367259,0.0,4.118543
16.383897,0.0,4.118543
16.400536,0.0,4.118543
16.417174,0.0,4.118543
16.433813,0.0,4.118543
16.450452,0.0,4.118543
16.46709,0.0,4.118543
16.483729,0.0,4.118543
16.500367,0.0,4.118543
16.517006,0.0,4.118543
16.533644,0.0,4.118543
16.550283,0.0,4.118543
16.566921,0.0,4.118543
16.58356,0.0,4.118543
16.600199,0.0,4.118543
16.616837,0.0,4.118543
16.633476,0.0,4.118543
16.650114,0.0,4.118543
16.666753,0.0,4.118543
16.683391,0.0,4.118543
16.70003,0.0,4.118543
16.716668,0.0,4.118543
16.733307,0.0,4.118543
16.749946,0.0,4.118543
16.766584,0.0,4.118543
16.783223,0.0,4.118543
16.799861,0.0,4.118543
16.8165,0.0,4.118543
16.833138,0.0,4.118543
16.849777,0.0,4.118543
16.866415,0.0,4.118543
16.883054,0.0,4.118543
16.899693,0.0,4.118543
16.916331,0.0,4.118543
16.93297,0.0,4.118543
16.949608,0.0,4.118543
16.966247,0.0,4.118543
16.982885,0.0,4.118543
16.999524,0.0,4.118543
17.016162,0.0,4.118543
17.032801,0.0,4.118543
17.049439,0.0,4.118543
