k,Energy (eV)
0.0,-14.406502
0.02614,-14.406502
0.05228,-14.406502
0.07842,-14.407861
0.10455,-14.407861
0.13069,-14.409222
0.15683,-14.411943
0.18297,-14.414665
0.20911,-14.420107
0.23525,-14.426908
0.26138,-14.435074
0.28752,-14.444598
0.31366,-14.458202
0.3398,-14.473169
0.36594,-14.492218
0.39207,-14.512627
0.41821,-14.534394
0.44435,-14.560246
0.47049,-14.586097
0.49663,-14.613309
0.52277,-14.64188
0.5489,-14.670454
0.57504,-14.699026
0.60118,-14.726237
0.62732,-14.752088
0.65346,-14.77794
0.67959,-14.801069
0.70573,-14.822839
0.73187,-14.840526
0.75801,-14.856853
0.78415,-14.870459
0.81029,-14.881344
0.83642,-14.889506
0.86256,-14.893589
0.8887,-14.89495
,
,
0.0,-13.01871
0.02614,-13.017349
0.05228,-13.017349
0.07842,-13.014627
0.10455,-13.011906
0.13069,-13.007825
0.15683,-13.009186
0.18297,-13.015988
0.20911,-13.022791
0.23525,-13.028234
0.26138,-13.032315
0.28752,-13.033676
0.31366,-13.033676
0.3398,-13.030954
0.36594,-13.026874
0.39207,-13.01871
0.41821,-13.007825
0.44435,-12.99558
0.47049,-12.980613
0.49663,-12.962925
0.52277,-12.945238
0.5489,-12.92619
0.57504,-12.911224
0.60118,-12.908503
0.62732,-12.90442
0.65346,-12.9017
0.67959,-12.898978
0.70573,-12.896257
0.73187,-12.894897
0.75801,-12.893536
0.78415,-12.892175
0.81029,-12.890816
0.83642,-12.890816
0.86256,-12.889455
0.8887,-12.889455
,
,
0.0,-13.01871
0.02614,-13.017349
0.05228,-13.017349
0.07842,-13.014627
0.10455,-13.011906
0.13069,-13.007825
0.15683,-13.003743
0.18297,-12.99966
0.20911,-12.994219
0.23525,-12.988777
0.26138,-12.981974
0.28752,-12.976532
0.31366,-12.969729
0.3398,-12.962925
0.36594,-12.956122
0.39207,-12.949321
0.41821,-12.943877
0.44435,-12.937075
0.47049,-12.931631
0.49663,-12.92619
0.52277,-12.920749
0.5489,-12.916666
0.57504,-12.911224
0.60118,-12.908503
0.62732,-12.90442
0.65346,-12.9017
0.67959,-12.898978
0.70573,-12.896257
0.73187,-12.894897
0.75801,-12.893536
0.78415,-12.892175
0.81029,-12.890816
0.83642,-12.890816
0.86256,-12.889455
0.8887,-12.889455
,
,
0.0,-12.984694
0.02614,-12.984694
0.05228,-12.987416
0.07842,-12.991497
0.10455,-12.996941
0.13069,-13.002382
0.15683,-13.003743
0.18297,-12.99966
0.20911,-12.994219
0.23525,-12.988777
0.26138,-12.981974
0.28752,-12.976532
0.31366,-12.969729
0.3398,-12.962925
0.36594,-12.956122
0.39207,-12.949321
0.41821,-12.943877
0.44435,-12.937075
0.47049,-12.931631
0.49663,-12.92619
0.52277,-12.920749
0.5489,-12.916666
0.57504,-12.907142
0.60118,-12.888094
0.62732,-12.869046
0.65346,-12.851358
0.67959,-12.835031
0.70573,-12.818704
0.73187,-12.805098
0.75801,-12.794214
0.78415,-12.78333
0.81029,-12.776525
0.83642,-12.769723
0.86256,-12.767001
0.8887,-12.765641
,
,
0.0,-8.320626
0.02614,-8.320626
0.05228,-8.321987
0.07842,-8.324709
0.10455,-8.328791
0.13069,-8.332872
0.15683,-8.338314
0.18297,-8.345117
0.20911,-8.350559
0.23525,-8.358724
0.26138,-8.365525
0.28752,-8.37369
0.31366,-8.381853
0.3398,-8.390017
0.36594,-8.39818
0.39207,-8.406343
0.41821,-8.414507
0.44435,-8.421309
0.47049,-8.428112
0.49663,-8.434916
0.52277,-8.440358
0.5489,-8.4458
0.57504,-8.449882
0.60118,-8.453963
0.62732,-8.458045
0.65346,-8.460767
0.67959,-8.463488
0.70573,-8.464849
0.73187,-8.466209
0.75801,-8.467569
0.78415,-8.46893
0.81029,-8.46893
0.83642,-8.46893
0.86256,-8.46893
0.8887,-8.46893
,
,
0.0,-5.891991
0.02614,-5.890631
0.05228,-5.886549
0.07842,-5.879746
0.10455,-5.868862
0.13069,-5.856617
0.15683,-5.84029
0.18297,-5.822602
0.20911,-5.803554
0.23525,-5.781785
0.26138,-5.758655
0.28752,-5.734165
0.31366,-5.709674
0.3398,-5.683823
0.36594,-5.659332
0.39207,-5.634842
0.41821,-5.610352
0.44435,-5.599467
0.47049,-5.649808
0.49663,-5.697428
0.52277,-5.745049
0.5489,-5.789948
0.57504,-5.832126
0.60118,-5.872943
0.62732,-5.909679
0.65346,-5.945054
0.67959,-5.976347
0.70573,-6.00356
0.73187,-6.028049
0.75801,-6.049819
0.78415,-6.067506
0.81029,-6.081112
0.83642,-6.090636
0.86256,-6.096079
0.8887,-6.0988
,
,
0.0,-5.323269
0.02614,-5.324629
0.05228,-5.32599
0.07842,-5.331432
0.10455,-5.336875
0.13069,-5.345038
0.15683,-5.355923
0.18297,-5.366808
0.20911,-5.381774
0.23525,-5.398101
0.26138,-5.415789
0.28752,-5.436198
0.31366,-5.459327
0.3398,-5.483818
0.36594,-5.509669
0.39207,-5.53688
0.41821,-5.565452
0.44435,-5.595385
0.47049,-5.625318
0.49663,-5.655251
0.52277,-5.685184
0.5489,-5.715117
0.57504,-5.743689
0.60118,-5.772261
0.62732,-5.799472
0.65346,-5.823962
0.67959,-5.847093
0.70573,-5.867501
0.73187,-5.886549
0.75801,-5.902876
0.78415,-5.916481
0.81029,-5.926006
0.83642,-5.93417
0.86256,-5.938251
0.8887,-5.939612
,
,
0.0,-5.323269
0.02614,-5.324629
0.05228,-5.32599
0.07842,-5.331432
0.10455,-5.336875
0.13069,-5.345038
0.15683,-5.355923
0.18297,-5.366808
0.20911,-5.381774
0.23525,-5.398101
0.26138,-5.415789
0.28752,-5.436198
0.31366,-5.459327
0.3398,-5.483818
0.36594,-5.509669
0.39207,-5.53688
0.41821,-5.565452
0.44435,-5.595385
0.47049,-5.625318
0.49663,-5.655251
0.52277,-5.685184
0.5489,-5.715117
0.57504,-5.743689
0.60118,-5.772261
0.62732,-5.799472
0.65346,-5.823962
0.67959,-5.847093
0.70573,-5.867501
0.73187,-5.886549
0.75801,-5.902876
0.78415,-5.916481
0.81029,-5.926006
0.83642,-5.93417
0.86256,-5.938251
0.8887,-5.939612
,
,
0.0,-5.140951
0.02614,-5.140951
0.05228,-5.139591
0.07842,-5.13823
0.10455,-5.13687
0.13069,-5.134148
0.15683,-5.131427
0.18297,-5.131427
0.20911,-5.168163
0.23525,-5.20762
0.26138,-5.251158
0.28752,-5.297418
0.31366,-5.346399
0.3398,-5.39674
0.36594,-5.447082
0.39207,-5.497423
0.41821,-5.549125
0.44435,-5.588582
0.47049,-5.566813
0.49663,-5.547765
0.52277,-5.531438
0.5489,-5.51511
0.57504,-5.501505
0.60118,-5.49062
0.62732,-5.479736
0.65346,-5.471572
0.67959,-5.464769
0.70573,-5.457966
0.73187,-5.452524
0.75801,-5.448442
0.78415,-5.445722
0.81029,-5.443
0.83642,-5.441639
0.86256,-5.440279
0.8887,-5.440279
,
,
0.0,-5.026662
0.02614,-5.026662
0.05228,-5.030745
0.07842,-5.038908
0.10455,-5.052514
0.13069,-5.072922
0.15683,-5.100134
0.18297,-5.127346
0.20911,-5.121903
0.23525,-5.116461
0.26138,-5.109658
0.28752,-5.101494
0.31366,-5.093331
0.3398,-5.082447
0.36594,-5.071562
0.39207,-5.057956
0.41821,-5.04435
0.44435,-5.028023
0.47049,-5.011696
0.49663,-4.995369
0.52277,-4.977682
0.5489,-4.959994
0.57504,-4.940946
0.60118,-4.924619
0.62732,-4.908292
0.65346,-4.891965
0.67959,-4.87836
0.70573,-4.864754
0.73187,-4.853869
0.75801,-4.849788
0.78415,-4.857951
0.81029,-4.863393
0.83642,-4.868835
0.86256,-4.871556
0.8887,-4.872917
,
,
0.0,-4.968157
0.02614,-4.968157
0.05228,-4.968157
0.07842,-4.965436
0.10455,-4.959994
0.13069,-4.95047
0.15683,-4.936864
0.18297,-4.919177
0.20911,-4.901489
0.23525,-4.87972
0.26138,-4.857951
0.28752,-4.836181
0.31366,-4.814412
0.3398,-4.792643
0.36594,-4.773595
0.39207,-4.757268
0.41821,-4.745023
0.44435,-4.736859
0.47049,-4.735498
0.49663,-4.736859
0.52277,-4.743662
0.5489,-4.753186
0.57504,-4.764071
0.60118,-4.776316
0.62732,-4.789922
0.65346,-4.803527
0.67959,-4.815773
0.70573,-4.828018
0.73187,-4.838903
0.75801,-4.844345
0.78415,-4.836181
0.81029,-4.829379
0.83642,-4.825297
0.86256,-4.822576
0.8887,-4.821215
,
,
0.0,-4.610325
0.02614,-4.608965
0.05228,-4.606243
0.07842,-4.602161
0.10455,-4.595359
0.13069,-4.585835
0.15683,-4.57495
0.18297,-4.562705
0.20911,-4.547738
0.23525,-4.530051
0.26138,-4.509642
0.28752,-4.487873
0.31366,-4.462022
0.3398,-4.434811
0.36594,-4.41168
0.39207,-4.419844
0.41821,-4.425286
0.44435,-4.430728
0.47049,-4.434811
0.49663,-4.436171
0.52277,-4.437531
0.5489,-4.437531
0.57504,-4.437531
0.60118,-4.436171
0.62732,-4.434811
0.65346,-4.43345
0.67959,-4.432089
0.70573,-4.432089
0.73187,-4.430728
0.75801,-4.430728
0.78415,-4.429368
0.81029,-4.429368
0.83642,-4.429368
0.86256,-4.429368
0.8887,-4.429368
,
,
0.0,-4.29331
0.02614,-4.29331
0.05228,-4.296031
0.07842,-4.300113
0.10455,-4.305555
0.13069,-4.312358
0.15683,-4.321883
0.18297,-4.331407
0.20911,-4.343651
0.23525,-4.354536
0.26138,-4.368142
0.28752,-4.380387
0.31366,-4.391272
0.3398,-4.402156
0.36594,-4.41168
0.39207,-4.419844
0.41821,-4.425286
0.44435,-4.430728
0.47049,-4.434811
0.49663,-4.436171
0.52277,-4.437531
0.5489,-4.437531
0.57504,-4.437531
0.60118,-4.436171
0.62732,-4.434811
0.65346,-4.43345
0.67959,-4.432089
0.70573,-4.432089
0.73187,-4.430728
0.75801,-4.430728
0.78415,-4.429368
0.81029,-4.429368
0.83642,-4.429368
0.86256,-4.429368
0.8887,-4.429368
,
,
0.0,-4.29331
0.02614,-4.29331
0.05228,-4.296031
0.07842,-4.300113
0.10455,-4.305555
0.13069,-4.312358
0.15683,-4.321883
0.18297,-4.331407
0.20911,-4.343651
0.23525,-4.354536
0.26138,-4.368142
0.28752,-4.380387
0.31366,-4.391272
0.3398,-4.402156
0.36594,-4.403517
0.39207,-4.396714
0.41821,-4.403517
0.44435,-4.404878
0.47049,-4.403517
0.49663,-4.396714
0.52277,-4.38719
0.5489,-4.374945
0.57504,-4.3627
0.60118,-4.349094
0.62732,-4.336849
0.65346,-4.34093
0.67959,-4.343651
0.70573,-4.346373
0.73187,-4.347733
0.75801,-4.349094
0.78415,-4.349094
0.81029,-4.349094
0.83642,-4.349094
0.86256,-4.349094
0.8887,-4.349094
,
,
0.0,-4.184464
0.02614,-4.184464
0.05228,-4.185824
0.07842,-4.185824
0.10455,-4.185824
0.13069,-4.19943
0.15683,-4.225281
0.18297,-4.249771
0.20911,-4.272902
0.23525,-4.296031
0.26138,-4.3178
0.28752,-4.336849
0.31366,-4.355897
0.3398,-4.372223
0.36594,-4.38583
0.39207,-4.368142
0.41821,-4.330046
0.44435,-4.290589
0.47049,-4.298752
0.49663,-4.306916
0.52277,-4.313718
0.5489,-4.320522
0.57504,-4.327324
0.60118,-4.332767
0.62732,-4.336849
0.65346,-4.34093
0.67959,-4.343651
0.70573,-4.346373
0.73187,-4.347733
0.75801,-4.349094
0.78415,-4.349094
0.81029,-4.349094
0.83642,-4.349094
0.86256,-4.349094
0.8887,-4.349094
,
,
0.0,-4.10555
0.02614,-4.112352
0.05228,-4.12868
0.07842,-4.150449
0.10455,-4.17494
0.13069,-4.185824
0.15683,-4.187185
0.18297,-4.187185
0.20911,-4.189906
0.23525,-4.204873
0.26138,-4.218478
0.28752,-4.230723
0.31366,-4.241608
0.3398,-4.252493
0.36594,-4.263378
0.39207,-4.272902
0.41821,-4.282426
0.44435,-4.290589
0.47049,-4.298752
0.49663,-4.306916
0.52277,-4.313718
0.5489,-4.320522
0.57504,-4.327324
0.60118,-4.332767
0.62732,-4.334127
0.65346,-4.321883
0.67959,-4.309637
0.70573,-4.298752
0.73187,-4.287868
0.75801,-4.279704
0.78415,-4.272902
0.81029,-4.267459
0.83642,-4.263378
0.86256,-4.260656
0.8887,-4.259295
,
,
0.0,-4.101469
0.02614,-4.102829
0.05228,-4.109632
0.07842,-4.119156
0.10455,-4.131402
0.13069,-4.145007
0.15683,-4.159974
0.18297,-4.1763
0.20911,-4.189906
0.23525,-4.204873
0.26138,-4.218478
0.28752,-4.230723
0.31366,-4.241608
0.3398,-4.252493
0.36594,-4.263378
0.39207,-4.272902
0.41821,-4.282426
0.44435,-4.289228
0.47049,-4.24705
0.49663,-4.218478
0.52277,-4.210314
0.5489,-4.208954
0.57504,-4.208954
0.60118,-4.208954
0.62732,-4.208954
0.65346,-4.210314
0.67959,-4.210314
0.70573,-4.211675
0.73187,-4.211675
0.75801,-4.211675
0.78415,-4.213036
0.81029,-4.213036
0.83642,-4.213036
0.86256,-4.213036
0.8887,-4.213036
,
,
0.0,-4.101469
0.02614,-4.102829
0.05228,-4.109632
0.07842,-4.119156
0.10455,-4.131402
0.13069,-4.145007
0.15683,-4.159974
0.18297,-4.1763
0.20911,-4.188546
0.23525,-4.189906
0.26138,-4.189906
0.28752,-4.191266
0.31366,-4.192627
0.3398,-4.192627
0.36594,-4.193988
0.39207,-4.193988
0.41821,-4.193988
0.44435,-4.193988
0.47049,-4.188546
0.49663,-4.166776
0.52277,-4.117795
0.5489,-4.05929
0.57504,-3.993983
0.60118,-3.923232
0.62732,-3.84704
0.65346,-3.766765
0.67959,-3.682409
0.70573,-3.593972
0.73187,-3.504174
0.75801,-3.411654
0.78415,-3.320496
0.81029,-3.290563
0.83642,-3.28512
0.86256,-3.281039
0.8887,-3.281039
,
,
0.0,-3.957247
0.02614,-3.951804
0.05228,-3.934117
0.07842,-3.912347
0.10455,-3.886497
0.13069,-3.859285
0.15683,-3.832074
0.18297,-3.804862
0.20911,-3.77765
0.23525,-3.750439
0.26138,-3.723227
0.28752,-3.696016
0.31366,-3.670164
0.3398,-3.642953
0.36594,-3.617102
0.39207,-3.58989
0.41821,-3.564039
0.44435,-3.539549
0.47049,-3.513698
0.49663,-3.490568
0.52277,-3.466078
0.5489,-3.444308
0.57504,-3.422539
0.60118,-3.40213
0.62732,-3.383082
0.65346,-3.365394
0.67959,-3.347707
0.70573,-3.332741
0.73187,-3.319135
0.75801,-3.30825
0.78415,-3.298726
0.81029,-3.234779
0.83642,-3.157226
0.86256,-3.101442
0.8887,-3.079673
,
,
0.0,-3.130014
0.02614,-3.125932
0.05228,-3.115048
0.07842,-3.095999
0.10455,-3.070149
0.13069,-3.040216
0.15683,-3.004841
0.18297,-2.966745
0.20911,-2.924567
0.23525,-2.897355
0.26138,-2.868783
0.28752,-2.83885
0.31366,-2.806196
0.3398,-2.76946
0.36594,-2.731364
0.39207,-2.691907
0.41821,-2.64973
0.44435,-2.606191
0.47049,-2.561292
0.49663,-2.517753
0.52277,-2.476936
0.5489,-2.455167
0.57504,-2.4402
0.60118,-2.429316
0.62732,-2.422512
0.65346,-2.418431
0.67959,-2.41571
0.70573,-2.41571
0.73187,-2.41571
0.75801,-2.418431
0.78415,-2.419792
0.81029,-2.421152
0.83642,-2.422512
0.86256,-2.434758
0.8887,-2.457888
,
,
0.0,-3.130014
0.02614,-3.125932
0.05228,-3.115048
0.07842,-3.095999
0.10455,-3.070149
0.13069,-3.040216
0.15683,-3.004841
0.18297,-2.966745
0.20911,-2.924567
0.23525,-2.882389
0.26138,-2.837489
0.28752,-2.792591
0.31366,-2.749051
0.3398,-2.705513
0.36594,-2.663335
0.39207,-2.623878
0.41821,-2.587143
0.44435,-2.553129
0.47049,-2.523196
0.49663,-2.495984
0.52277,-2.472854
0.5489,-2.455167
0.57504,-2.4402
0.60118,-2.429316
0.62732,-2.422512
0.65346,-2.418431
0.67959,-2.41571
0.70573,-2.41571
0.73187,-2.41571
0.75801,-2.418431
0.78415,-2.419792
0.81029,-2.421152
0.83642,-2.422512
0.86256,-2.423873
0.8887,-2.423873
,
,
0.0,-3.019807
0.02614,-3.018446
0.05228,-3.013004
0.07842,-3.004841
0.10455,-2.993956
0.13069,-2.98035
0.15683,-2.964023
0.18297,-2.943615
0.20911,-2.921845
0.23525,-2.882389
0.26138,-2.837489
0.28752,-2.792591
0.31366,-2.749051
0.3398,-2.705513
0.36594,-2.663335
0.39207,-2.623878
0.41821,-2.587143
0.44435,-2.553129
0.47049,-2.523196
0.49663,-2.495984
0.52277,-2.472854
0.5489,-2.43884
0.57504,-2.404825
0.60118,-2.374892
0.62732,-2.351763
0.65346,-2.332715
0.67959,-2.317748
0.70573,-2.308224
0.73187,-2.302782
0.75801,-2.2987
0.78415,-2.297339
0.81029,-2.295979
0.83642,-2.372171
0.86256,-2.423873
0.8887,-2.423873
,
,
0.0,-3.000759
0.02614,-2.999398
0.05228,-2.992596
0.07842,-2.981711
0.10455,-2.965384
0.13069,-2.944975
0.15683,-2.919125
0.18297,-2.889192
0.20911,-2.855177
0.23525,-2.817081
0.26138,-2.774903
0.28752,-2.730003
0.31366,-2.681022
0.3398,-2.629321
0.36594,-2.576258
0.39207,-2.520474
0.41821,-2.46333
0.44435,-2.404825
0.47049,-2.344959
0.49663,-2.283734
0.52277,-2.219786
0.5489,-2.153117
0.57504,-2.083728
0.60118,-2.011618
0.62732,-1.936785
0.65346,-1.859232
0.67959,-1.78168
0.70573,-1.842906
0.73187,-1.959916
0.75801,-2.072844
0.78415,-2.18305
0.81029,-2.285094
0.83642,-2.295979
0.86256,-2.297339
0.8887,-2.297339
,
,
0.0,-1.300034
0.02614,-1.301395
0.05228,-1.308198
0.07842,-1.320443
0.10455,-1.335409
0.13069,-1.354457
0.15683,-1.377587
0.18297,-1.403438
0.20911,-1.43065
0.23525,-1.460582
0.26138,-1.490515
0.28752,-1.521809
0.31366,-1.551741
0.3398,-1.583035
0.36594,-1.611607
0.39207,-1.638818
0.41821,-1.66467
0.44435,-1.68916
0.47049,-1.709569
0.49663,-1.725896
0.52277,-1.740862
0.5489,-1.751747
0.57504,-1.75991
0.60118,-1.765352
0.62732,-1.766713
0.65346,-1.768073
0.67959,-1.766713
0.70573,-1.763992
0.73187,-1.761271
0.75801,-1.758549
0.78415,-1.754468
0.81029,-1.751747
0.83642,-1.750386
0.86256,-1.749025
0.8887,-1.749025
,
,
0.0,-1.300034
0.02614,-1.301395
0.05228,-1.308198
0.07842,-1.320443
0.10455,-1.335409
0.13069,-1.354457
0.15683,-1.377587
0.18297,-1.403438
0.20911,-1.43065
0.23525,-1.460582
0.26138,-1.490515
0.28752,-1.521809
0.31366,-1.551741
0.3398,-1.583035
0.36594,-1.611607
0.39207,-1.638818
0.41821,-1.66467
0.44435,-1.68916
0.47049,-1.709569
0.49663,-1.725896
0.52277,-1.740862
0.5489,-1.751747
0.57504,-1.75991
0.60118,-1.765352
0.62732,-1.766713
0.65346,-1.768073
0.67959,-1.766713
0.70573,-1.763992
0.73187,-1.761271
0.75801,-1.758549
0.78415,-1.754468
0.81029,-1.751747
0.83642,-1.750386
0.86256,-1.749025
0.8887,-1.749025
,
,
0.0,-0.00068
0.02614,-0.002041
0.05228,-0.010204
0.07842,-0.02381
0.10455,-0.041498
0.13069,-0.065988
0.15683,-0.09456
0.18297,-0.128575
0.20911,-0.168032
0.23525,-0.212931
0.26138,-0.263272
0.28752,-0.319056
0.31366,-0.378922
0.3398,-0.44559
0.36594,-0.517701
0.39207,-0.593893
0.41821,-0.675528
0.44435,-0.762605
0.47049,-0.855124
0.49663,-0.951725
0.52277,-1.052408
0.5489,-1.157173
0.57504,-1.26602
0.60118,-1.377587
0.62732,-1.491876
0.65346,-1.608886
0.67959,-1.725896
0.70573,-1.702766
0.73187,-1.626573
0.75801,-1.554463
0.78415,-1.489155
0.81029,-1.433371
0.83642,-1.389832
0.86256,-1.362621
0.8887,-1.353097
,
,
0.0,1.257856
0.02614,1.263299
0.05228,1.278265
0.07842,1.302755
0.10455,1.335409
0.13069,1.376227
0.15683,1.422486
0.18297,1.472828
0.20911,1.523169
0.23525,1.57079
0.26138,1.610246
0.28752,1.636097
0.31366,1.64154
0.3398,1.626573
0.36594,1.591198
0.39207,1.539496
0.41821,1.475549
0.44435,1.402078
0.47049,1.321803
0.49663,1.238808
0.52277,1.151731
0.5489,1.061933
0.57504,0.970774
0.60118,0.879615
0.62732,0.788456
0.65346,0.697297
0.67959,0.607499
0.70573,0.520422
0.73187,0.437426
0.75801,0.359874
0.78415,0.289123
0.81029,0.230618
0.83642,0.184359
0.86256,0.155786
0.8887,0.146262
,
,
0.0,2.954499
0.02614,2.946336
0.05228,2.924567
0.07842,2.889191
0.10455,2.842932
0.13069,2.788509
0.15683,2.730004
0.18297,2.671499
0.20911,2.612994
0.23525,2.561292
0.26138,2.520474
0.28752,2.495984
0.31366,2.491902
0.3398,2.50959
0.36594,2.547686
0.39207,2.600749
0.41821,2.664696
0.44435,2.736807
0.47049,2.811639
0.49663,2.889191
0.52277,2.968105
0.5489,3.044298
0.57504,2.977629
0.60118,2.913682
0.62732,2.852456
0.65346,2.795311
0.67959,2.74361
0.70573,2.69735
0.73187,2.656533
0.75801,2.622518
0.78415,2.593946
0.81029,2.570816
0.83642,2.55585
0.86256,2.546325
0.8887,2.542244
,
,
0.0,3.568121
0.02614,3.569481
0.05228,3.574924
0.07842,3.584448
0.10455,3.595333
0.13069,3.610299
0.15683,3.626626
0.18297,3.644314
0.20911,3.664722
0.23525,3.686492
0.26138,3.686492
0.28752,3.649756
0.31366,3.607578
0.3398,3.559958
0.36594,3.506895
0.39207,3.44975
0.41821,3.387164
0.44435,3.321856
0.47049,3.253827
0.49663,3.184438
0.52277,3.113687
0.5489,3.048379
0.57504,3.130014
0.60118,3.21437
0.62732,3.300087
0.65346,3.388525
0.67959,3.478323
0.70573,3.56676
0.73187,3.644314
0.75801,3.701458
0.78415,3.738193
0.81029,3.757241
0.83642,3.768126
0.86256,3.772208
0.8887,3.773569
,
,
0.0,3.568121
0.02614,3.569481
0.05228,3.574924
0.07842,3.584448
0.10455,3.595333
0.13069,3.610299
0.15683,3.626626
0.18297,3.644314
0.20911,3.664722
0.23525,3.686492
0.26138,3.709621
0.28752,3.734112
0.31366,3.761323
0.3398,3.791256
0.36594,3.82391
0.39207,3.859285
0.41821,3.900103
0.44435,3.946362
0.47049,3.996703
0.49663,4.053848
0.52277,4.115074
0.5489,4.078339
0.57504,4.041603
0.60118,4.013031
0.62732,3.991261
0.65346,3.977655
0.67959,3.974934
0.70573,3.984459
0.73187,4.017112
0.75801,4.078339
0.78415,4.172219
0.81029,4.289228
0.83642,4.418484
0.86256,4.540936
0.8887,4.602162
,
,
0.0,3.825271
0.02614,3.825271
0.05228,3.821189
0.07842,3.815746
0.10455,3.807583
0.13069,3.796698
0.15683,3.783093
0.18297,3.765405
0.20911,3.743636
0.23525,3.716424
0.26138,3.709621
0.28752,3.734112
0.31366,3.761323
0.3398,3.791256
0.36594,3.82391
0.39207,3.859285
0.41821,3.900103
0.44435,3.946362
0.47049,3.996703
0.49663,4.053848
0.52277,4.115074
0.5489,4.184464
0.57504,4.257935
0.60118,4.338209
0.62732,4.423926
0.65346,4.513724
0.67959,4.607604
0.70573,4.702845
0.73187,4.798086
0.75801,4.891965
0.78415,4.979042
0.81029,5.056596
0.83642,5.093331
0.86256,5.037548
0.8887,4.981763
,
,
0.0,3.841598
0.02614,3.837516
0.05228,3.830713
0.07842,3.825271
0.10455,3.82391
0.13069,3.829352
0.15683,3.841598
0.18297,3.859285
0.20911,3.882415
0.23525,3.910987
0.26138,3.942281
0.28752,3.979016
0.31366,4.018473
0.3398,4.05929
0.36594,4.102829
0.39207,4.146368
0.41821,4.187185
0.44435,4.215757
0.47049,4.206233
0.49663,4.165416
0.52277,4.120517
0.5489,4.184464
0.57504,4.257935
0.60118,4.338209
0.62732,4.423926
0.65346,4.513724
0.67959,4.607604
0.70573,4.702845
0.73187,4.798086
0.75801,4.891965
0.78415,4.979042
0.81029,5.056596
0.83642,5.117822
0.86256,5.158639
0.8887,5.173605
,
,
0.0,4.104189
0.02614,4.116435
0.05228,4.150449
0.07842,4.19807
0.10455,4.255214
0.13069,4.315079
0.15683,4.374945
0.18297,4.430729
0.20911,4.48107
0.23525,4.520527
0.26138,4.547739
0.28752,4.557262
0.31366,4.55182
0.3398,4.52733
0.36594,4.489233
0.39207,4.441613
0.41821,4.391272
0.44435,4.351815
0.47049,4.353176
0.49663,4.389912
0.52277,4.438892
0.5489,4.493315
0.57504,4.55182
0.60118,4.613046
0.62732,4.676994
0.65346,4.740941
0.67959,4.806249
0.70573,4.870196
0.73187,4.932783
0.75801,4.989927
0.78415,5.038908
0.81029,5.078365
0.83642,5.117822
0.86256,5.158639
0.8887,5.173605
,
,
0.0,5.723279
0.02614,5.726001
0.05228,5.735525
0.07842,5.750491
0.10455,5.7709
0.13069,5.798111
0.15683,5.830766
0.18297,5.867501
0.20911,5.909679
0.23525,5.954578
0.26138,6.002199
0.28752,6.049819
0.31366,6.038934
0.3398,6.043016
0.36594,6.064785
0.39207,6.100161
0.41821,6.149141
0.44435,6.206285
0.47049,6.271594
0.49663,6.328738
0.52277,6.33418
0.5489,6.332819
0.57504,6.31105
0.60118,6.279757
0.62732,6.255266
0.65346,6.233497
0.67959,6.21717
0.70573,6.142338
0.73187,5.95866
0.75801,5.773621
0.78415,5.588582
0.81029,5.410347
0.83642,5.256601
0.86256,5.185851
0.8887,5.179048
,
,
0.0,5.723279
0.02614,5.726001
0.05228,5.735525
0.07842,5.750491
0.10455,5.7709
0.13069,5.798111
0.15683,5.830766
0.18297,5.867501
0.20911,5.909679
0.23525,5.954578
0.26138,6.002199
0.28752,6.051179
0.31366,6.100161
0.3398,6.14642
0.36594,6.191319
0.39207,6.230776
0.41821,6.266151
0.44435,6.294723
0.47049,6.315132
0.49663,6.328738
0.52277,6.33418
0.5489,6.332819
0.57504,6.324656
0.60118,6.30969
0.62732,6.290642
0.65346,6.264791
0.67959,6.234858
0.70573,6.202204
0.73187,6.165468
0.75801,6.128733
0.78415,6.090636
0.81029,6.0539
0.83642,6.022607
0.86256,6.002199
0.8887,5.994035
,
,
0.0,6.151862
0.02614,6.153223
0.05228,6.160026
0.07842,6.16955
0.10455,6.177713
0.13069,6.180435
0.15683,6.176353
0.18297,6.161386
0.20911,6.135535
0.23525,6.104242
0.26138,6.074309
0.28752,6.051179
0.31366,6.100161
0.3398,6.14642
0.36594,6.191319
0.39207,6.230776
0.41821,6.266151
0.44435,6.294723
0.47049,6.315132
0.49663,6.340983
0.52277,6.392685
0.5489,6.347786
0.57504,6.324656
0.60118,6.30969
0.62732,6.290642
0.65346,6.264791
0.67959,6.234858
0.70573,6.202204
0.73187,6.165468
0.75801,6.128733
0.78415,6.090636
0.81029,6.0539
0.83642,6.022607
0.86256,6.002199
0.8887,5.994035
,
,
0.0,7.611765
0.02614,7.598159
0.05228,7.561423
0.07842,7.513803
0.10455,7.463461
0.13069,7.424005
0.15683,7.400875
0.18297,7.402235
0.20911,7.426726
0.23525,7.36686
0.26138,7.258014
0.28752,7.147807
0.31366,7.038961
0.3398,6.932835
0.36594,6.832152
0.39207,6.738272
0.41821,6.651195
0.44435,6.573642
0.47049,6.504252
0.49663,6.444387
0.52277,6.413094
0.5489,6.482483
0.57504,6.547791
0.60118,6.59269
0.62732,6.580445
0.65346,6.474319
0.67959,6.317853
0.70573,6.203564
0.73187,6.19404
0.75801,6.185877
0.78415,6.180435
0.81029,6.176353
0.83642,6.173632
0.86256,6.17091
0.8887,6.17091
,
,
0.0,7.93014
0.02614,7.921977
0.05228,7.898847
0.07842,7.85939
0.10455,7.806328
0.13069,7.739659
0.15683,7.660746
0.18297,7.570947
0.20911,7.472986
0.23525,7.475707
0.26138,7.541015
0.28752,7.615847
0.31366,7.689318
0.3398,7.749184
0.36594,7.780477
0.39207,7.777756
0.41821,7.74102
0.44435,7.674352
0.47049,7.587274
0.49663,7.481149
0.52277,7.361418
0.5489,7.230803
0.57504,7.094744
0.60118,6.96685
0.62732,6.886576
0.65346,6.889297
0.67959,6.932835
0.70573,6.985898
0.73187,7.036239
0.75801,7.082499
0.78415,7.119235
0.81029,7.147807
0.83642,7.168215
0.86256,7.180461
0.8887,7.184543
,
,
0.0,8.1628
0.02614,8.173684
0.05228,8.203616
0.07842,8.244434
0.10455,8.287972
0.13069,8.330151
0.15683,8.331511
0.18297,8.334233
0.20911,8.336954
0.23525,8.343757
0.26138,8.350559
0.28752,8.361444
0.31366,8.375051
0.3398,8.390017
0.36594,8.410425
0.39207,8.432195
0.41821,8.459406
0.44435,8.487978
0.47049,8.519272
0.49663,8.553287
0.52277,8.5873
0.5489,8.619954
0.57504,8.649887
0.60118,8.674377
0.62732,8.692065
0.65346,8.68118
0.67959,8.643084
0.70573,8.60907
0.73187,8.579138
0.75801,8.553287
0.78415,8.531517
0.81029,8.515189
0.83642,8.496141
0.86256,8.478454
0.8887,8.473012
,
,
0.0,8.331511
0.02614,8.331511
0.05228,8.330151
0.07842,8.330151
0.10455,8.330151
0.13069,8.330151
0.15683,8.331511
0.18297,8.334233
0.20911,8.336954
0.23525,8.343757
0.26138,8.350559
0.28752,8.361444
0.31366,8.375051
0.3398,8.390017
0.36594,8.410425
0.39207,8.432195
0.41821,8.459406
0.44435,8.487978
0.47049,8.519272
0.49663,8.553287
0.52277,8.5873
0.5489,8.619954
0.57504,8.649887
0.60118,8.674377
0.62732,8.692065
0.65346,8.700229
0.67959,8.698868
0.70573,8.685263
0.73187,8.663493
0.75801,8.611791
0.78415,8.56281
0.81029,8.524714
0.83642,8.502944
0.86256,8.496141
0.8887,8.493421
,
,
0.0,8.331511
0.02614,8.331511
0.05228,8.330151
0.07842,8.330151
0.10455,8.330151
0.13069,8.330151
0.15683,8.365526
0.18297,8.394098
0.20911,8.415868
0.23525,8.429473
0.26138,8.437636
0.28752,8.44308
0.31366,8.452603
0.3398,8.473012
0.36594,8.512468
0.39207,8.575055
0.41821,8.652608
0.44435,8.736965
0.47049,8.815878
0.49663,8.882546
0.52277,8.928806
0.5489,8.875744
0.57504,8.821321
0.60118,8.770979
0.62732,8.724719
0.65346,8.700229
0.67959,8.698868
0.70573,8.685263
0.73187,8.663493
0.75801,8.63356
0.78415,8.600906
0.81029,8.568253
0.83642,8.541041
0.86256,8.523354
0.8887,8.517911
,
,
0.0,10.141083
0.02614,10.13428
0.05228,10.115232
0.07842,10.082578
0.10455,10.0404
0.13069,9.988698
0.15683,9.928833
0.18297,9.862164
0.20911,9.791414
0.23525,9.717942
0.26138,9.641749
0.28752,9.565557
0.31366,9.488005
0.3398,9.411812
0.36594,9.33698
0.39207,9.26487
0.41821,9.192759
0.44435,9.124729
0.47049,9.058062
0.49663,8.994113
0.52277,8.932888
0.5489,8.951937
0.57504,8.953297
0.60118,8.932888
0.62732,8.894792
0.65346,8.845811
0.67959,8.788666
0.70573,8.727441
0.73187,8.667575
0.75801,8.63356
0.78415,8.600906
0.81029,8.568253
0.83642,8.541041
0.86256,8.523354
0.8887,8.517911
,
,
0.0,10.384626
0.02614,10.390069
0.05228,10.403674
0.07842,10.426805
0.10455,10.458097
0.13069,10.497555
0.15683,10.541093
0.18297,10.588714
0.20911,10.637694
0.23525,10.686675
0.26138,10.734295
0.28752,10.777835
0.31366,10.81593
0.3398,10.845863
0.36594,10.866272
0.39207,10.877157
0.41821,10.875796
0.44435,10.86355
0.47049,10.8377
0.49663,10.800964
0.52277,10.753344
0.5489,10.694839
0.57504,10.630892
0.60118,10.561502
0.62732,10.490751
0.65346,10.422723
0.67959,10.358776
0.70573,10.304352
0.73187,10.258093
0.75801,10.222718
0.78415,10.196866
0.81029,10.179179
0.83642,10.168294
0.86256,10.162852
0.8887,10.160131
,
,
0.0,10.384626
0.02614,10.390069
0.05228,10.403674
0.07842,10.426805
0.10455,10.458097
0.13069,10.497555
0.15683,10.541093
0.18297,10.588714
0.20911,10.637694
0.23525,10.686675
0.26138,10.734295
0.28752,10.777835
0.31366,10.81593
0.3398,10.845863
0.36594,10.866272
0.39207,10.877157
0.41821,10.875796
0.44435,10.86355
0.47049,10.8377
0.49663,10.800964
0.52277,10.753344
0.5489,10.694839
0.57504,10.630892
0.60118,10.561502
0.62732,10.490751
0.65346,10.422723
0.67959,10.358776
0.70573,10.304352
0.73187,10.258093
0.75801,10.222718
0.78415,10.196866
0.81029,10.179179
0.83642,10.168294
0.86256,10.162852
0.8887,10.160131
,
,
0.0,13.621447
0.02614,13.6092
0.05228,13.569744
0.07842,13.507157
0.10455,13.422801
0.13069,13.316676
0.15683,13.191504
0.18297,13.052724
0.20911,12.901699
0.23525,12.742512
0.26138,12.577881
0.28752,12.41053
0.31366,12.247261
0.3398,12.089433
0.36594,11.93977
0.39207,11.803712
0.41821,11.68398
0.44435,11.584659
0.47049,11.509827
0.49663,11.460845
0.52277,11.440436
0.5489,11.4486
0.57504,11.481255
0.60118,11.535678
0.62732,11.603706
0.65346,11.681259
0.67959,11.760173
0.70573,11.836366
0.73187,11.904394
0.75801,11.961538
0.78415,12.006437
0.81029,12.037731
0.83642,12.05678
0.86256,12.067664
0.8887,12.071746
,
,
0.0,14.96842
0.02614,14.961618
0.05228,14.94529
0.07842,14.916718
0.10455,14.877263
0.13069,14.82828
0.15683,14.771136
0.18297,14.70719
0.20911,14.636439
0.23525,14.560246
0.26138,14.479972
0.28752,14.398336
0.31366,14.315342
0.3398,14.232347
0.36594,14.150712
0.39207,14.070437
0.41821,13.992885
0.44435,13.918052
0.47049,13.845942
0.49663,13.777913
0.52277,13.713966
0.5489,13.654101
0.57504,13.598317
0.60118,13.547976
0.62732,13.500355
0.65346,13.458177
0.67959,13.418719
0.70573,13.384706
0.73187,13.335724
0.75801,13.270417
0.78415,13.217355
0.81029,13.177897
0.83642,13.152046
0.86256,13.13708
0.8887,13.132998
,
,
0.0,14.96842
0.02614,14.961618
0.05228,14.94529
0.07842,14.916718
0.10455,14.877263
0.13069,14.82828
0.15683,14.771136
0.18297,14.70719
0.20911,14.636439
0.23525,14.560246
0.26138,14.479972
0.28752,14.398336
0.31366,14.315342
0.3398,14.232347
0.36594,14.150712
0.39207,14.070437
0.41821,13.992885
0.44435,13.918052
0.47049,13.845942
0.49663,13.777913
0.52277,13.713966
0.5489,13.654101
0.57504,13.598317
0.60118,13.547976
0.62732,13.500355
0.65346,13.458177
0.67959,13.418719
0.70573,13.384706
0.73187,13.354773
0.75801,13.330282
0.78415,13.309874
0.81029,13.293547
0.83642,13.281301
0.86256,13.274499
0.8887,13.271777
,
,
0.0,15.285437
0.02614,15.281354
0.05228,15.267747
0.07842,15.24734
0.10455,15.217405
0.13069,15.180672
0.15683,15.137133
0.18297,15.08543
0.20911,15.029647
0.23525,14.96842
0.26138,14.903113
0.28752,14.833723
0.31366,14.760253
0.3398,14.68542
0.36594,14.607867
0.39207,14.527593
0.41821,14.445957
0.44435,14.361602
0.47049,14.273164
0.49663,14.183365
0.52277,14.090847
0.5489,13.994246
0.57504,13.896284
0.60118,13.796961
0.62732,13.696278
0.65346,13.596956
0.67959,13.503076
0.70573,13.414639
0.73187,13.354773
0.75801,13.330282
0.78415,13.309874
0.81029,13.293547
0.83642,13.281301
0.86256,13.274499
0.8887,13.271777
,
,
0.8887,-14.89495
0.913081,-14.893589
0.937462,-14.890867
0.961843,-14.886785
0.986238,-14.879983
1.010619,-14.871819
1.035,-14.862295
1.059381,-14.85005
1.083762,-14.837804
1.108143,-14.8242
1.132524,-14.809232
1.156919,-14.792906
1.181301,-14.776579
1.205682,-14.758892
1.230063,-14.741203
1.254444,-14.724876
1.278825,-14.70719
1.303206,-14.690862
1.327587,-14.674535
1.351982,-14.65957
1.376363,-14.644602
1.400744,-14.632357
1.425125,-14.620112
1.449506,-14.609228
1.473887,-14.601065
1.498268,-14.592899
1.522663,-14.587458
1.547045,-14.583376
1.571426,-14.580656
1.595807,-14.580656
,
,
0.8887,-12.889455
0.913081,-12.890816
0.937462,-12.894897
0.961843,-12.9017
0.986238,-12.911224
1.010619,-12.922108
1.035,-12.932992
1.059381,-12.946599
1.083762,-12.960205
1.108143,-12.975171
1.132524,-12.990136
1.156919,-13.005104
1.181301,-13.01871
1.205682,-13.033676
1.230063,-13.045921
1.254444,-13.058167
1.278825,-13.070411
1.303206,-13.079935
1.327587,-13.088099
1.351982,-13.094902
1.376363,-13.100344
1.400744,-13.104426
1.425125,-13.107146
1.449506,-13.109868
1.473887,-13.109868
1.498268,-13.109868
1.522663,-13.109868
1.547045,-13.109868
1.571426,-13.109868
1.595807,-13.109868
,
,
0.8887,-12.889455
0.913081,-12.890816
0.937462,-12.890816
0.961843,-12.892175
0.986238,-12.894897
1.010619,-12.897618
1.035,-12.9017
1.059381,-12.90442
1.083762,-12.909863
1.108143,-12.913944
1.132524,-12.919388
1.156919,-12.924829
1.181301,-12.930272
1.205682,-12.935714
1.230063,-12.941155
1.254444,-12.94796
1.278825,-12.953402
1.303206,-12.958844
1.327587,-12.964286
1.351982,-12.968369
1.376363,-12.97381
1.400744,-12.977893
1.425125,-12.981974
1.449506,-12.986055
1.473887,-12.988777
1.498268,-12.991497
1.522663,-12.992858
1.547045,-12.994219
1.571426,-12.99558
1.595807,-12.99558
,
,
0.8887,-12.765641
0.913081,-12.765641
0.937462,-12.764281
0.961843,-12.76156
0.986238,-12.758839
1.010619,-12.756117
1.035,-12.754758
1.059381,-12.752036
1.083762,-12.750675
1.108143,-12.749314
1.132524,-12.749314
1.156919,-12.749314
1.181301,-12.750675
1.205682,-12.752036
1.230063,-12.754758
1.254444,-12.758839
1.278825,-12.76292
1.303206,-12.768362
1.327587,-12.773806
1.351982,-12.780608
1.376363,-12.787411
1.400744,-12.794214
1.425125,-12.801017
1.449506,-12.807819
1.473887,-12.814622
1.498268,-12.820065
1.522663,-12.825506
1.547045,-12.829589
1.571426,-12.83095
1.595807,-12.832311
,
,
0.8887,-8.46893
0.913081,-8.46893
0.937462,-8.466209
0.961843,-8.462127
0.986238,-8.456685
1.010619,-8.448521
1.035,-8.440358
1.059381,-8.430834
1.083762,-8.418589
1.108143,-8.406343
1.132524,-8.391377
1.156919,-8.37641
1.181301,-8.360084
1.205682,-8.343757
1.230063,-8.326069
1.254444,-8.308382
1.278825,-8.290694
1.303206,-8.271646
1.327587,-8.253959
1.351982,-8.236271
1.376363,-8.218583
1.400744,-8.202256
1.425125,-8.18729
1.449506,-8.172324
1.473887,-8.160078
1.498268,-8.149194
1.522663,-8.14103
1.547045,-8.135588
1.571426,-8.131506
1.595807,-8.130145
,
,
0.8887,-6.0988
0.913081,-6.0988
0.937462,-6.0988
0.961843,-6.097439
0.986238,-6.096079
1.010619,-6.091996
1.035,-6.086555
1.059381,-6.079751
1.083762,-6.090636
1.108143,-6.120569
1.132524,-6.150501
1.156919,-6.179074
1.181301,-6.209006
1.205682,-6.236218
1.230063,-6.26343
1.254444,-6.289281
1.278825,-6.31241
1.303206,-6.335541
1.327587,-6.355949
1.351982,-6.374998
1.376363,-6.392685
1.400744,-6.409012
1.425125,-6.422618
1.449506,-6.434863
1.473887,-6.444387
1.498268,-6.452551
1.522663,-6.459353
1.547045,-6.464796
1.571426,-6.467517
1.595807,-6.467517
,
,
0.8887,-5.939612
0.913081,-5.943694
0.937462,-5.951857
0.961843,-5.966824
0.986238,-5.985871
1.010619,-6.009001
1.035,-6.033492
1.059381,-6.062064
1.083762,-6.070228
1.108143,-6.057982
1.132524,-6.043015
1.156919,-6.026689
1.181301,-6.009001
1.205682,-5.988593
1.230063,-5.968184
1.254444,-5.946414
1.278825,-5.924646
1.303206,-5.904237
1.327587,-5.883828
1.351982,-5.86478
1.376363,-5.848453
1.400744,-5.834847
1.425125,-5.823962
1.449506,-5.815799
1.473887,-5.810357
1.498268,-5.807636
1.522663,-5.806275
1.547045,-5.804914
1.571426,-5.804914
1.595807,-5.804914
,
,
0.8887,-5.939612
0.913081,-5.936891
0.937462,-5.928727
0.961843,-5.915122
0.986238,-5.897434
1.010619,-5.875665
1.035,-5.852534
1.059381,-5.826684
1.083762,-5.799472
1.108143,-5.772261
1.132524,-5.743689
1.156919,-5.716476
1.181301,-5.690626
1.205682,-5.666136
1.230063,-5.643005
1.254444,-5.622596
1.278825,-5.604909
1.303206,-5.588582
1.327587,-5.574976
1.351982,-5.562731
1.376363,-5.551847
1.400744,-5.540962
1.425125,-5.530077
1.449506,-5.519193
1.473887,-5.508308
1.498268,-5.497423
1.522663,-5.487899
1.547045,-5.481096
1.571426,-5.475655
1.595807,-5.474294
,
,
0.8887,-5.440279
0.913081,-5.438918
0.937462,-5.437558
0.961843,-5.434837
0.986238,-5.430755
1.010619,-5.425313
1.035,-5.41987
1.059381,-5.413067
1.083762,-5.406265
1.108143,-5.398101
1.132524,-5.388577
1.156919,-5.379053
1.181301,-5.368169
1.205682,-5.357284
1.230063,-5.345038
1.254444,-5.331432
1.278825,-5.316466
1.303206,-5.300139
1.327587,-5.283813
1.351982,-5.266124
1.376363,-5.248437
1.400744,-5.228028
1.425125,-5.20762
1.449506,-5.187212
1.473887,-5.165442
1.498268,-5.142312
1.522663,-5.120543
1.547045,-5.101494
1.571426,-5.085167
1.595807,-5.078365
,
,
0.8887,-4.872917
0.913081,-4.871556
0.937462,-4.870195
0.961843,-4.866114
0.986238,-4.862032
1.010619,-4.85659
1.035,-4.849788
1.059381,-4.842984
1.083762,-4.836181
1.108143,-4.829379
1.132524,-4.822576
1.156919,-4.817133
1.181301,-4.814412
1.205682,-4.814412
1.230063,-4.817133
1.254444,-4.823936
1.278825,-4.834821
1.303206,-4.848427
1.327587,-4.864754
1.351982,-4.883802
1.376363,-4.90421
1.400744,-4.924619
1.425125,-4.946389
1.449506,-4.966797
1.473887,-4.985846
1.498268,-5.002172
1.522663,-5.017138
1.547045,-5.026662
1.571426,-5.033465
1.595807,-5.036186
,
,
0.8887,-4.821215
0.913081,-4.818494
0.937462,-4.80897
0.961843,-4.795364
0.986238,-4.776316
1.010619,-4.755908
1.035,-4.734138
1.059381,-4.713729
1.083762,-4.694681
1.108143,-4.678354
1.132524,-4.66747
1.156919,-4.662027
1.181301,-4.662027
1.205682,-4.66747
1.230063,-4.676994
1.254444,-4.69196
1.278825,-4.708287
1.303206,-4.727335
1.327587,-4.747744
1.351982,-4.768152
1.376363,-4.791283
1.400744,-4.814412
1.425125,-4.838903
1.449506,-4.863393
1.473887,-4.887884
1.498268,-4.912374
1.522663,-4.936864
1.547045,-4.958633
1.571426,-4.976321
1.595807,-4.983124
,
,
0.8887,-4.429368
0.913081,-4.430728
0.937462,-4.434811
0.961843,-4.440252
0.986238,-4.449776
1.010619,-4.460661
1.035,-4.472907
1.059381,-4.486513
1.083762,-4.500118
1.108143,-4.512364
1.132524,-4.52869
1.156919,-4.547738
1.181301,-4.565426
1.205682,-4.583114
1.230063,-4.599441
1.254444,-4.614407
1.278825,-4.628013
1.303206,-4.637537
1.327587,-4.6457
1.351982,-4.651143
1.376363,-4.655224
1.400744,-4.656585
1.425125,-4.655224
1.449506,-4.653864
1.473887,-4.652503
1.498268,-4.649782
1.522663,-4.647061
1.547045,-4.6457
1.571426,-4.64434
1.595807,-4.642979
,
,
0.8887,-4.429368
0.913081,-4.430728
0.937462,-4.43345
0.961843,-4.438892
0.986238,-4.445695
1.010619,-4.455219
1.035,-4.467464
1.059381,-4.479709
1.083762,-4.494676
1.108143,-4.512364
1.132524,-4.523248
1.156919,-4.532772
1.181301,-4.536854
1.205682,-4.539575
1.230063,-4.538214
1.254444,-4.535493
1.278825,-4.531412
1.303206,-4.52597
1.327587,-4.521888
1.351982,-4.517806
1.376363,-4.512364
1.400744,-4.508281
1.425125,-4.5042
1.449506,-4.500118
1.473887,-4.497397
1.498268,-4.493316
1.522663,-4.490594
1.547045,-4.489233
1.571426,-4.487873
1.595807,-4.487873
,
,
0.8887,-4.349094
0.913081,-4.353175
0.937462,-4.36134
0.961843,-4.373584
0.986238,-4.38719
1.010619,-4.402156
1.035,-4.415762
1.059381,-4.430728
1.083762,-4.442974
1.108143,-4.455219
1.132524,-4.464743
1.156919,-4.472907
1.181301,-4.476988
1.205682,-4.478349
1.230063,-4.475627
1.254444,-4.470185
1.278825,-4.459301
1.303206,-4.447056
1.327587,-4.430728
1.351982,-4.413041
1.376363,-4.395354
1.400744,-4.377666
1.425125,-4.36134
1.449506,-4.346373
1.473887,-4.334127
1.498268,-4.325964
1.522663,-4.320522
1.547045,-4.31644
1.571426,-4.31644
1.595807,-4.3178
,
,
0.8887,-4.349094
0.913081,-4.349094
0.937462,-4.346373
0.961843,-4.33957
0.986238,-4.328685
1.010619,-4.313718
1.035,-4.294671
1.059381,-4.27018
1.083762,-4.244329
1.108143,-4.217117
1.132524,-4.193988
1.156919,-4.17766
1.181301,-4.168137
1.205682,-4.164055
1.230063,-4.165416
1.254444,-4.169497
1.278825,-4.179021
1.303206,-4.189906
1.327587,-4.203512
1.351982,-4.218478
1.376363,-4.233445
1.400744,-4.248411
1.425125,-4.262017
1.449506,-4.275622
1.473887,-4.287868
1.498268,-4.297392
1.522663,-4.305555
1.547045,-4.312358
1.571426,-4.315079
1.595807,-4.315079
,
,
0.8887,-4.259295
0.913081,-4.256575
0.937462,-4.249771
0.961843,-4.238887
0.986238,-4.226642
1.010619,-4.213036
1.035,-4.19943
1.059381,-4.187185
1.083762,-4.17494
1.108143,-4.162694
1.132524,-4.151809
1.156919,-4.140925
1.181301,-4.132761
1.205682,-4.124598
1.230063,-4.119156
1.254444,-4.115074
1.278825,-4.113713
1.303206,-4.113713
1.327587,-4.116435
1.351982,-4.120517
1.376363,-4.124598
1.400744,-4.131402
1.425125,-4.136843
1.449506,-4.140925
1.473887,-4.142285
1.498268,-4.140925
1.522663,-4.138204
1.547045,-4.132761
1.571426,-4.130041
1.595807,-4.127319
,
,
0.8887,-4.213036
0.913081,-4.210314
0.937462,-4.204873
0.961843,-4.193988
0.986238,-4.181742
1.010619,-4.168137
1.035,-4.151809
1.059381,-4.134122
1.083762,-4.115074
1.108143,-4.091945
1.132524,-4.063373
1.156919,-4.027997
1.181301,-3.98718
1.205682,-3.943641
1.230063,-3.900103
1.254444,-3.856564
1.278825,-3.817107
1.303206,-3.780371
1.327587,-3.747717
1.351982,-3.755881
1.376363,-3.789895
1.400744,-3.82255
1.425125,-3.852482
1.449506,-3.879694
1.473887,-3.904184
1.498268,-3.925954
1.522663,-3.945002
1.547045,-3.959968
1.571426,-3.969492
1.595807,-3.972213
,
,
0.8887,-3.281039
0.913081,-3.282399
0.937462,-3.28648
0.961843,-3.294645
0.986238,-3.304168
1.010619,-3.317774
1.035,-3.334101
1.059381,-3.35451
1.083762,-3.376279
1.108143,-3.40213
1.132524,-3.430702
1.156919,-3.460635
1.181301,-3.493289
1.205682,-3.528664
1.230063,-3.56676
1.254444,-3.604856
1.278825,-3.642953
1.303206,-3.682409
1.327587,-3.719145
1.351982,-3.719145
1.376363,-3.694655
1.400744,-3.674246
1.425125,-3.656559
1.449506,-3.642953
1.473887,-3.632068
1.498268,-3.622544
1.522663,-3.617102
1.547045,-3.61166
1.571426,-3.608938
1.595807,-3.608938
,
,
0.8887,-3.079673
0.913081,-3.079673
0.937462,-3.076951
0.961843,-3.075591
0.986238,-3.071509
1.010619,-3.067427
1.035,-3.063346
1.059381,-3.061985
1.083762,-3.066067
1.108143,-3.079673
1.132524,-3.098721
1.156919,-3.12049
1.181301,-3.139539
1.205682,-3.155865
1.230063,-3.165389
1.254444,-3.168111
1.278825,-3.16675
1.303206,-3.158587
1.327587,-3.14498
1.351982,-3.127293
1.376363,-3.105524
1.400744,-3.079673
1.425125,-3.053822
1.449506,-3.025249
1.473887,-2.996678
1.498268,-2.969465
1.522663,-2.944975
1.547045,-2.924567
1.571426,-2.91096
1.595807,-2.905518
,
,
0.8887,-2.457888
0.913081,-2.516392
0.937462,-2.587143
0.961843,-2.653811
0.986238,-2.717759
1.010619,-2.777624
1.035,-2.829326
1.059381,-2.872864
1.083762,-2.904158
1.108143,-2.917764
1.132524,-2.913682
1.156919,-2.897355
1.181301,-2.871504
1.205682,-2.88511
1.230063,-2.917764
1.254444,-2.943615
1.278825,-2.964023
1.303206,-2.976269
1.327587,-2.981711
1.351982,-2.978989
1.376363,-2.969465
1.400744,-2.953139
1.425125,-2.931369
1.449506,-2.904158
1.473887,-2.879668
1.498268,-2.866061
1.522663,-2.864701
1.547045,-2.866061
1.571426,-2.868783
1.595807,-2.868783
,
,
0.8887,-2.423873
0.913081,-2.433397
0.937462,-2.457888
0.961843,-2.489181
0.986238,-2.524556
1.010619,-2.564013
1.035,-2.60347
1.059381,-2.644287
1.083762,-2.685105
1.108143,-2.727283
1.132524,-2.76946
1.156919,-2.810278
1.181301,-2.849735
1.205682,-2.837489
1.230063,-2.796672
1.254444,-2.747691
1.278825,-2.691907
1.303206,-2.704153
1.327587,-2.728643
1.351982,-2.751773
1.376363,-2.770821
1.400744,-2.788508
1.425125,-2.802115
1.449506,-2.810278
1.473887,-2.810278
1.498268,-2.79123
1.522663,-2.753134
1.547045,-2.706874
1.571426,-2.653811
1.595807,-2.606191
,
,
0.8887,-2.423873
0.913081,-2.364007
0.937462,-2.287815
0.961843,-2.253801
0.986238,-2.237474
1.010619,-2.226589
1.035,-2.230671
1.059381,-2.256522
1.083762,-2.301421
1.108143,-2.355844
1.132524,-2.412988
1.156919,-2.468772
1.181301,-2.520474
1.205682,-2.566734
1.230063,-2.607551
1.254444,-2.642926
1.278825,-2.67558
1.303206,-2.630682
1.327587,-2.562653
1.351982,-2.489181
1.376363,-2.414349
1.400744,-2.340878
1.425125,-2.325911
1.449506,-2.358565
1.473887,-2.39394
1.498268,-2.425234
1.522663,-2.453806
1.547045,-2.476936
1.571426,-2.536801
1.595807,-2.588503
,
,
0.8887,-2.297339
0.913081,-2.289176
0.937462,-2.272849
0.961843,-2.211622
0.986238,-2.13543
1.010619,-2.06332
1.035,-1.999372
1.059381,-2.015699
1.083762,-2.022502
1.108143,-2.01706
1.132524,-2.003454
1.156919,-1.988487
1.181301,-1.974882
1.205682,-2.000733
1.230063,-2.030666
1.254444,-2.061959
1.278825,-2.094613
1.303206,-2.129988
1.327587,-2.165363
1.351982,-2.202098
1.376363,-2.238834
1.400744,-2.270127
1.425125,-2.241555
1.449506,-2.222507
1.473887,-2.286454
1.498268,-2.350402
1.522663,-2.412988
1.547045,-2.476936
1.571426,-2.491902
1.595807,-2.497344
,
,
0.8887,-1.749025
0.913081,-1.75991
0.937462,-1.789843
0.961843,-1.834742
0.986238,-1.887805
1.010619,-1.942228
1.035,-1.988487
1.059381,-1.951752
1.083762,-1.927261
1.108143,-1.92454
1.132524,-1.935425
1.156919,-1.953113
1.181301,-1.9708
1.205682,-1.954473
1.230063,-1.939507
1.254444,-1.928622
1.278825,-1.92454
1.303206,-1.931343
1.327587,-1.955833
1.351982,-1.99393
1.376363,-2.044271
1.400744,-2.100055
1.425125,-2.159921
1.449506,-2.166724
1.473887,-2.093252
1.498268,-2.023863
1.522663,-1.963997
1.547045,-1.917737
1.571426,-1.887805
1.595807,-1.878281
,
,
0.8887,-1.749025
0.913081,-1.749025
0.937462,-1.751747
0.961843,-1.754468
0.986238,-1.757189
1.010619,-1.757189
1.035,-1.751747
1.059381,-1.731338
1.083762,-1.68916
1.108143,-1.627934
1.132524,-1.557184
1.156919,-1.506842
1.181301,-1.543578
1.205682,-1.583035
1.230063,-1.623852
1.254444,-1.663309
1.278825,-1.700045
1.303206,-1.727256
1.327587,-1.740862
1.351982,-1.743583
1.376363,-1.73678
1.400744,-1.727256
1.425125,-1.715011
1.449506,-1.704127
1.473887,-1.693242
1.498268,-1.683718
1.522663,-1.675554
1.547045,-1.670112
1.571426,-1.66603
1.595807,-1.66467
,
,
0.8887,-1.353097
0.913081,-1.353097
0.937462,-1.353097
0.961843,-1.354457
0.986238,-1.358539
1.010619,-1.366703
1.035,-1.378948
1.059381,-1.396635
1.083762,-1.418404
1.108143,-1.444256
1.132524,-1.472828
1.156919,-1.482352
1.181301,-1.40752
1.205682,-1.334049
1.230063,-1.261938
1.254444,-1.193909
1.278825,-1.131322
1.303206,-1.074178
1.327587,-1.023836
1.351982,-0.981658
1.376363,-0.947644
1.400744,-0.923153
1.425125,-0.906827
1.449506,-0.901384
1.473887,-0.902745
1.498268,-0.909548
1.522663,-0.920432
1.547045,-0.932677
1.571426,-0.940841
1.595807,-0.943562
,
,
0.8887,0.146262
0.913081,0.158508
0.937462,0.195243
0.961843,0.253748
0.986238,0.331301
1.010619,0.423821
1.035,0.528585
1.059381,0.644234
1.083762,0.765326
1.108143,0.8905
1.132524,1.018394
1.156919,1.14901
1.181301,1.278265
1.205682,1.404799
1.230063,1.529972
1.254444,1.649703
1.278825,1.762632
1.303206,1.870117
1.327587,1.968079
1.351982,2.000733
1.376363,1.972161
1.400744,1.94631
1.425125,1.921819
1.449506,1.90005
1.473887,1.882362
1.498268,1.867396
1.522663,1.855151
1.547045,1.846987
1.571426,1.841545
1.595807,1.840184
,
,
0.8887,2.542244
0.913081,2.539523
0.937462,2.531359
0.961843,2.516393
0.986238,2.495984
1.010619,2.472854
1.035,2.444282
1.059381,2.412989
1.083762,2.380335
1.108143,2.34496
1.132524,2.309585
1.156919,2.272849
1.181301,2.236113
1.205682,2.200738
1.230063,2.164002
1.254444,2.129988
1.278825,2.095973
1.303206,2.063319
1.327587,2.030666
1.351982,2.056517
1.376363,2.136791
1.400744,2.206181
1.425125,2.267406
1.449506,2.32183
1.473887,2.368089
1.498268,2.410267
1.522663,2.447003
1.547045,2.478297
1.571426,2.501426
1.595807,2.51095
,
,
0.8887,3.773569
0.913081,3.769487
0.937462,3.758602
0.961843,3.738193
0.986238,3.708261
1.010619,3.666083
1.035,3.61302
1.059381,3.547712
1.083762,3.474241
1.108143,3.395327
1.132524,3.315053
1.156919,3.234779
1.181301,3.157226
1.205682,3.083755
1.230063,3.017086
1.254444,2.95586
1.278825,2.904158
1.303206,2.859259
1.327587,2.821162
1.351982,2.79123
1.376363,2.7681
1.400744,2.749052
1.425125,2.732725
1.449506,2.719119
1.473887,2.704153
1.498268,2.687826
1.522663,2.670138
1.547045,2.652451
1.571426,2.637484
1.595807,2.632042
,
,
0.8887,4.602162
0.913081,4.581753
0.937462,4.524609
0.961843,4.444335
0.986238,4.351815
1.010619,4.256575
1.035,4.165416
1.059381,4.081059
1.083762,4.000785
1.108143,3.927314
1.132524,3.856564
1.156919,3.788535
1.181301,3.724588
1.205682,3.662001
1.230063,3.603496
1.254444,3.547712
1.278825,3.496011
1.303206,3.44839
1.327587,3.406212
1.351982,3.369476
1.376363,3.338183
1.400744,3.313693
1.425125,3.294645
1.449506,3.282399
1.473887,3.274236
1.498268,3.270154
1.522663,3.267433
1.547045,3.267433
1.571426,3.267433
1.595807,3.267433
,
,
0.8887,4.981763
0.913081,4.969518
0.937462,4.946389
0.961843,4.928701
0.986238,4.915095
1.010619,4.906932
1.035,4.900129
1.059381,4.893326
1.083762,4.863393
1.108143,4.777677
1.132524,4.683796
1.156919,4.585835
1.181301,4.483791
1.205682,4.379026
1.230063,4.275622
1.254444,4.17494
1.278825,4.078339
1.303206,3.989901
1.327587,3.909626
1.351982,3.840237
1.376363,3.784453
1.400744,3.742275
1.425125,3.715064
1.449506,3.704179
1.473887,3.709621
1.498268,3.73139
1.522663,3.765405
1.547045,3.810304
1.571426,3.855203
1.595807,3.876973
,
,
0.8887,5.173605
0.913081,5.150476
0.937462,5.153197
0.961843,5.13687
0.986238,5.105577
1.010619,5.062037
1.035,5.007615
1.059381,4.940946
1.083762,4.886523
1.108143,4.87972
1.132524,4.870196
1.156919,4.857951
1.181301,4.842984
1.205682,4.822576
1.230063,4.796725
1.254444,4.765431
1.278825,4.731417
1.303206,4.697402
1.327587,4.666109
1.351982,4.641619
1.376363,4.625291
1.400744,4.617128
1.425125,4.619849
1.449506,4.633455
1.473887,4.641619
1.498268,4.506921
1.522663,4.383108
1.547045,4.274262
1.571426,4.191267
1.595807,4.155891
,
,
0.8887,5.173605
0.913081,5.169523
0.937462,5.157279
0.961843,5.176327
0.986238,5.215784
1.010619,5.270206
1.035,5.336875
1.059381,5.387217
1.083762,5.353202
1.108143,5.306942
1.132524,5.25388
1.156919,5.196735
1.181301,5.139591
1.205682,5.085167
1.230063,5.037548
1.254444,4.999451
1.278825,4.969518
1.303206,4.946389
1.327587,4.928701
1.351982,4.915095
1.376363,4.904211
1.400744,4.896047
1.425125,4.889244
1.449506,4.783119
1.473887,4.655224
1.498268,4.683796
1.522663,4.719172
1.547045,4.755908
1.571426,4.788561
1.595807,4.804888
,
,
0.8887,5.179048
0.913081,5.232111
0.937462,5.298779
0.961843,5.357284
0.986238,5.39538
1.010619,5.411707
1.035,5.407625
1.059381,5.414428
1.083762,5.501505
1.108143,5.592664
1.132524,5.67838
1.156919,5.74777
1.181301,5.787227
1.205682,5.799472
1.230063,5.791308
1.254444,5.773621
1.278825,5.750491
1.303206,5.716477
1.327587,5.56001
1.351982,5.400822
1.376363,5.242995
1.400744,5.085167
1.425125,4.932783
1.449506,4.885162
1.473887,4.881081
1.498268,4.87836
1.522663,4.875638
1.547045,4.868835
1.571426,4.860672
1.595807,4.853869
,
,
0.8887,5.994035
0.913081,5.994035
0.937462,5.998117
0.961843,6.00628
0.986238,6.023968
1.010619,6.05254
1.035,6.091997
1.059381,6.142338
1.083762,6.200843
1.108143,6.256627
1.132524,6.289281
1.156919,6.292002
1.181301,6.268872
1.205682,6.214449
1.230063,6.124651
1.254444,6.00628
1.278825,5.867501
1.303206,5.723279
1.327587,5.696068
1.351982,5.666135
1.376363,5.634842
1.400744,5.603549
1.425125,5.569534
1.449506,5.534159
1.473887,5.496063
1.498268,5.457966
1.522663,5.417149
1.547045,5.379053
1.571426,5.34912
1.595807,5.336875
,
,
0.8887,5.994035
0.913081,6.00492
0.937462,6.036213
0.961843,6.093357
0.986238,6.173632
1.010619,6.248464
1.035,6.271594
1.059381,6.294723
1.083762,6.317853
1.108143,6.346426
1.132524,6.326016
1.156919,6.328738
1.181301,6.376358
1.205682,6.464796
1.230063,6.581805
1.254444,6.716503
1.278825,6.740993
1.303206,6.751878
1.327587,6.765484
1.351982,6.730109
1.376363,6.577724
1.400744,6.418536
1.425125,6.259348
1.449506,6.105603
1.473887,5.964102
1.498268,5.838929
1.522663,5.738246
1.547045,5.666135
1.571426,5.622597
1.595807,5.608991
,
,
0.8887,6.17091
0.913081,6.174992
0.937462,6.187237
0.961843,6.204925
0.986238,6.226694
1.010619,6.268872
1.035,6.364113
1.059381,6.417175
1.083762,6.399488
1.108143,6.355949
1.132524,6.395406
1.156919,6.467517
1.181301,6.546431
1.205682,6.625344
1.230063,6.690652
1.254444,6.726027
1.278825,6.858004
1.303206,6.970932
1.327587,6.868888
1.351982,6.780451
1.376363,6.796777
1.400744,6.813104
1.425125,6.830791
1.449506,6.845758
1.473887,6.859365
1.498268,6.871609
1.522663,6.881133
1.547045,6.887937
1.571426,6.893378
1.595807,6.894739
,
,
0.8887,7.184543
0.913081,7.162774
0.937462,7.105629
0.961843,7.019913
0.986238,6.92059
1.010619,6.819908
1.035,6.738272
1.059381,6.715142
1.083762,6.777729
1.108143,6.878412
1.132524,6.983177
1.156919,7.074336
1.181301,7.021273
1.205682,6.931475
1.230063,6.893378
1.254444,6.913787
1.278825,6.976374
1.303206,7.030797
1.327587,7.132841
1.351982,7.211755
1.376363,7.285225
1.400744,7.353254
1.425125,7.415842
1.449506,7.470264
1.473887,7.517885
1.498268,7.555981
1.522663,7.587274
1.547045,7.609044
1.571426,7.622649
1.595807,7.62673
,
,
0.8887,8.473012
0.913081,8.419949
0.937462,8.366886
0.961843,8.286613
0.986238,8.176405
1.010619,8.051232
1.035,7.911092
1.059381,7.760068
1.083762,7.602241
1.108143,7.444414
1.132524,7.287947
1.156919,7.143725
1.181301,7.142365
1.205682,7.181822
1.230063,7.187263
1.254444,7.157331
1.278825,7.093384
1.303206,7.053927
1.327587,7.15461
1.351982,7.290668
1.376363,7.419923
1.400744,7.535572
1.425125,7.636255
1.449506,7.719251
1.473887,7.779116
1.498268,7.815852
1.522663,7.830818
1.547045,7.833539
1.571426,7.832178
1.595807,7.832178
,
,
0.8887,8.493421
0.913081,8.448521
0.937462,8.37641
0.961843,8.32743
0.986238,8.298858
1.010619,8.277089
1.035,8.26076
1.059381,8.247156
1.083762,8.237632
1.108143,8.230828
1.132524,8.226748
1.156919,8.224026
1.181301,8.222665
1.205682,8.219944
1.230063,8.214501
1.254444,8.204977
1.278825,8.192732
1.303206,8.176405
1.327587,8.155996
1.351982,8.134227
1.376363,8.109737
1.400744,8.085246
1.425125,8.060757
1.449506,8.040347
1.473887,8.029463
1.498268,8.029463
1.522663,8.040347
1.547045,8.053953
1.571426,8.064837
1.595807,8.068919
,
,
0.8887,8.517911
0.913081,8.551926
0.937462,8.588661
0.961843,8.624036
0.986238,8.658051
1.010619,8.694786
1.035,8.734243
1.059381,8.776421
1.083762,8.81996
1.108143,8.864859
1.132524,8.909758
1.156919,8.954658
1.181301,8.998196
1.205682,9.040374
1.230063,9.07983
1.254444,9.116567
1.278825,9.151941
1.303206,9.187316
1.327587,9.221331
1.351982,9.256706
1.376363,9.2431
1.400744,9.224052
1.425125,9.215889
1.449506,9.21861
1.473887,9.228134
1.498268,9.2431
1.522663,9.259427
1.547045,9.273033
1.571426,9.282557
1.595807,9.285278
,
,
0.8887,8.517911
0.913081,8.588661
0.937462,8.693425
0.961843,8.807714
0.986238,8.922004
1.010619,9.02949
1.035,9.124729
1.059381,9.203644
1.083762,9.26487
1.108143,9.307047
1.132524,9.33562
1.156919,9.353307
1.181301,9.369634
1.205682,9.390043
1.230063,9.415894
1.254444,9.434941
1.278825,9.413173
1.303206,9.364192
1.327587,9.31521
1.351982,9.274394
1.376363,9.294802
1.400744,9.334259
1.425125,9.379158
1.449506,9.428139
1.473887,9.482561
1.498268,9.542427
1.522663,9.609097
1.547045,9.679846
1.571426,9.751957
1.595807,9.798217
,
,
0.8887,10.160131
0.913081,10.15741
0.937462,10.149246
0.961843,10.13564
0.986238,10.115232
1.010619,10.08802
1.035,10.056727
1.059381,10.018631
1.083762,9.975092
1.108143,9.927472
1.132524,9.873049
1.156919,9.813183
1.181301,9.750596
1.205682,9.685289
1.230063,9.625423
1.254444,9.591408
1.278825,9.61862
1.303206,9.693452
1.327587,9.790053
1.351982,9.896178
1.376363,10.007747
1.400744,10.119313
1.425125,10.226799
1.449506,10.328843
1.473887,10.281223
1.498268,10.20503
1.522663,10.122035
1.547045,10.036319
1.571426,9.953322
1.595807,9.904342
,
,
0.8887,10.160131
0.913081,10.160131
0.937462,10.161491
0.961843,10.161491
0.986238,10.162852
1.010619,10.165573
1.035,10.168294
1.059381,10.173738
1.083762,10.18054
1.108143,10.191424
1.132524,10.20503
1.156919,10.222718
1.181301,10.244487
1.205682,10.270338
1.230063,10.300271
1.254444,10.331564
1.278825,10.364218
1.303206,10.394151
1.327587,10.420002
1.351982,10.434968
1.376363,10.43769
1.400744,10.425445
1.425125,10.394151
1.449506,10.34517
1.473887,10.421362
1.498268,10.501637
1.522663,10.568304
1.547045,10.618647
1.571426,10.648579
1.595807,10.659464
,
,
0.8887,12.071746
0.913081,12.077188
0.937462,12.093514
0.961843,12.120727
0.986238,12.157462
1.010619,12.205083
1.035,12.260866
1.059381,12.326175
1.083762,12.398285
1.108143,12.478559
1.132524,12.562915
1.156919,12.651353
1.181301,12.743872
1.205682,12.836391
1.230063,12.731627
1.254444,12.609175
1.278825,12.484002
1.303206,12.358828
1.327587,12.237737
1.351982,12.126169
1.376363,12.026847
1.400744,11.945212
1.425125,11.881265
1.449506,11.836366
1.473887,11.807794
1.498268,11.791466
1.522663,11.783303
1.547045,11.780582
1.571426,11.780582
1.595807,11.780582
,
,
0.8887,13.132998
0.913081,13.141162
0.937462,13.165652
0.961843,13.203748
0.986238,13.251369
1.010619,13.286743
1.035,13.278581
1.059381,13.258171
1.083762,13.226878
1.108143,13.179257
1.132524,13.118032
1.156919,13.040479
1.181301,12.94932
1.205682,12.845916
1.230063,12.928911
1.254444,13.021431
1.278825,13.109869
1.303206,13.195585
1.327587,13.27586
1.351982,13.350691
1.376363,13.418719
1.400744,13.478585
1.425125,13.530288
1.449506,13.573827
1.473887,13.606481
1.498268,13.628249
1.522663,13.640494
1.547045,13.645936
1.571426,13.645936
1.595807,13.645936
,
,
0.8887,13.271777
0.913081,13.274499
0.937462,13.278581
0.961843,13.284022
0.986238,13.288104
1.010619,13.297628
1.035,13.341166
1.059381,13.388787
1.083762,13.445931
1.108143,13.5126
1.132524,13.588793
1.156919,13.673149
1.181301,13.761587
1.205682,13.848662
1.230063,13.928938
1.254444,13.998328
1.278825,14.05411
1.303206,14.093568
1.327587,14.116697
1.351982,14.124862
1.376363,14.119419
1.400744,14.103092
1.425125,14.077242
1.449506,14.048668
1.473887,14.017376
1.498268,13.990163
1.522663,13.968393
1.547045,13.954789
1.571426,13.947987
1.595807,13.945265
,
,
0.8887,13.271777
0.913081,13.274499
0.937462,13.284022
0.961843,13.30171
0.986238,13.333004
1.010619,13.387426
1.035,13.466341
1.059381,13.562942
1.083762,13.671788
1.108143,13.788798
1.132524,13.91261
1.156919,14.041865
1.181301,14.176563
1.205682,14.316703
1.230063,14.463646
1.254444,14.620112
1.278825,14.783381
1.303206,14.953455
1.327587,15.127608
1.351982,15.301763
1.376363,15.473195
1.400744,15.639187
1.425125,15.795652
1.449506,15.938515
1.473887,16.065048
1.498268,16.173895
1.522663,16.260971
1.547045,16.324921
1.571426,16.363016
1.595807,16.376621
,
,
1.595807,-14.580656
1.619197,-14.579295
1.642577,-14.577934
1.665967,-14.573852
1.689357,-14.569771
1.712737,-14.564327
1.736127,-14.557525
1.759517,-14.549362
1.782897,-14.541199
1.806287,-14.533035
1.829677,-14.523512
1.853057,-14.513988
1.876447,-14.504463
1.899837,-14.496299
1.923227,-14.488135
1.946607,-14.481333
1.969997,-14.47589
1.993387,-14.471809
2.016768,-14.469088
2.040158,-14.467727
,
,
1.595807,-13.109868
1.619197,-13.108507
1.642577,-13.108507
1.665967,-13.107146
1.689357,-13.104426
1.712737,-13.103065
1.736127,-13.100344
1.759517,-13.096263
1.782897,-13.09218
1.806287,-13.088099
1.829677,-13.084018
1.853057,-13.079935
1.876447,-13.074493
1.899837,-13.070411
1.923227,-13.064969
1.946607,-13.059526
1.969997,-13.054085
1.993387,-13.050002
2.016768,-13.04456
2.040158,-13.040478
,
,
1.595807,-12.99558
1.619197,-12.99558
1.642577,-12.996941
1.665967,-12.996941
1.689357,-12.998302
1.712737,-12.998302
1.736127,-12.99966
1.759517,-13.001021
1.782897,-13.003743
1.806287,-13.005104
1.829677,-13.007825
1.853057,-13.010546
1.876447,-13.013267
1.899837,-13.015988
1.923227,-13.01871
1.946607,-13.022791
1.969997,-13.026874
1.993387,-13.030954
2.016768,-13.035036
2.040158,-13.040478
,
,
1.595807,-12.832311
1.619197,-12.83367
1.642577,-12.836391
1.665967,-12.840474
1.689357,-12.847276
1.712737,-12.855439
1.736127,-12.863603
1.759517,-12.874488
1.782897,-12.886733
1.806287,-12.898978
1.829677,-12.911224
1.853057,-12.923469
1.876447,-12.935714
1.899837,-12.94796
1.923227,-12.958844
1.946607,-12.968369
1.969997,-12.975171
1.993387,-12.980613
2.016768,-12.984694
2.040158,-12.986055
,
,
1.595807,-8.130145
1.619197,-8.130145
1.642577,-8.128785
1.665967,-8.127424
1.689357,-8.124702
1.712737,-8.121982
1.736127,-8.119261
1.759517,-8.11654
1.782897,-8.112458
1.806287,-8.108377
1.829677,-8.104295
1.853057,-8.100212
1.876447,-8.09613
1.899837,-8.09341
1.923227,-8.089329
1.946607,-8.086607
1.969997,-8.085247
1.993387,-8.083886
2.016768,-8.082525
2.040158,-8.082525
,
,
1.595807,-6.467517
1.619197,-6.467517
1.642577,-6.463435
1.665967,-6.457993
1.689357,-6.449829
1.712737,-6.438944
1.736127,-6.4267
1.759517,-6.411733
1.782897,-6.395406
1.806287,-6.377718
1.829677,-6.35731
1.853057,-6.336901
1.876447,-6.313771
1.899837,-6.289281
1.923227,-6.264791
1.946607,-6.238939
1.969997,-6.211728
1.993387,-6.184516
2.016768,-6.157305
2.040158,-6.130093
,
,
1.595807,-5.804914
1.619197,-5.806275
1.642577,-5.808996
1.665967,-5.814438
1.689357,-5.822602
1.712737,-5.832126
1.736127,-5.84301
1.759517,-5.856617
1.782897,-5.871583
1.806287,-5.88927
1.829677,-5.908319
1.853057,-5.928727
1.876447,-5.950496
1.899837,-5.973627
1.923227,-5.998117
1.946607,-6.022607
1.969997,-6.048458
1.993387,-6.07567
2.016768,-6.102881
2.040158,-6.130093
,
,
1.595807,-5.474294
1.619197,-5.475655
1.642577,-5.477015
1.665967,-5.479736
1.689357,-5.482457
1.712737,-5.486538
1.736127,-5.491981
1.759517,-5.497423
1.782897,-5.504227
1.806287,-5.509669
1.829677,-5.516471
1.853057,-5.523274
1.876447,-5.530077
1.899837,-5.53688
1.923227,-5.542323
1.946607,-5.547765
1.969997,-5.551847
1.993387,-5.554567
2.016768,-5.555928
2.040158,-5.555928
,
,
1.595807,-5.078365
1.619197,-5.077004
1.642577,-5.077004
1.665967,-5.075643
1.689357,-5.074283
1.712737,-5.072922
1.736127,-5.070201
1.759517,-5.06748
1.782897,-5.064759
1.806287,-5.062037
1.829677,-5.059317
1.853057,-5.056595
1.876447,-5.053874
1.899837,-5.051153
1.923227,-5.048432
1.946607,-5.045711
1.969997,-5.04435
1.993387,-5.04299
2.016768,-5.041629
2.040158,-5.041629
,
,
1.595807,-5.036186
1.619197,-5.036186
1.642577,-5.036186
1.665967,-5.034826
1.689357,-5.034826
1.712737,-5.033465
1.736127,-5.032105
1.759517,-5.030745
1.782897,-5.029384
1.806287,-5.028023
1.829677,-5.025302
1.853057,-5.023942
1.876447,-5.021221
1.899837,-5.01986
1.923227,-5.017138
1.946607,-5.014418
1.969997,-5.013057
1.993387,-5.010336
2.016768,-5.008975
2.040158,-5.006254
,
,
1.595807,-4.983124
1.619197,-4.983124
1.642577,-4.983124
1.665967,-4.984485
1.689357,-4.984485
1.712737,-4.984485
1.736127,-4.985846
1.759517,-4.987206
1.782897,-4.988566
1.806287,-4.988566
1.829677,-4.989927
1.853057,-4.991288
1.876447,-4.994009
1.899837,-4.995369
1.923227,-4.99673
1.946607,-4.99809
1.969997,-5.000812
1.993387,-5.002172
2.016768,-5.004893
2.040158,-5.006254
,
,
1.595807,-4.642979
1.619197,-4.642979
1.642577,-4.640257
1.665967,-4.637537
1.689357,-4.632094
1.712737,-4.626652
1.736127,-4.618489
1.759517,-4.608965
1.782897,-4.599441
1.806287,-4.587195
1.829677,-4.57495
1.853057,-4.561345
1.876447,-4.547738
1.899837,-4.551821
1.923227,-4.557262
1.946607,-4.561345
1.969997,-4.565426
1.993387,-4.568147
2.016768,-4.569508
2.040158,-4.570868
,
,
1.595807,-4.487873
1.619197,-4.487873
1.642577,-4.490594
1.665967,-4.493316
1.689357,-4.496037
1.712737,-4.501479
1.736127,-4.506921
1.759517,-4.512364
1.782897,-4.519166
1.806287,-4.52597
1.829677,-4.532772
1.853057,-4.538214
1.876447,-4.545017
1.899837,-4.531412
1.923227,-4.516445
1.946607,-4.500118
1.969997,-4.483791
1.993387,-4.467464
2.016768,-4.452498
2.040158,-4.436171
,
,
1.595807,-4.3178
1.619197,-4.3178
1.642577,-4.3178
1.665967,-4.321883
1.689357,-4.327324
1.712737,-4.334127
1.736127,-4.33957
1.759517,-4.347733
1.782897,-4.353175
1.806287,-4.359979
1.829677,-4.366781
1.853057,-4.372223
1.876447,-4.376305
1.899837,-4.380387
1.923227,-4.384469
1.946607,-4.38719
1.969997,-4.395354
1.993387,-4.408959
2.016768,-4.422565
2.040158,-4.436171
,
,
1.595807,-4.315079
1.619197,-4.315079
1.642577,-4.3178
1.665967,-4.319161
1.689357,-4.320522
1.712737,-4.323243
1.736127,-4.325964
1.759517,-4.328685
1.782897,-4.332767
1.806287,-4.336849
1.829677,-4.34229
1.853057,-4.349094
1.876447,-4.355897
1.899837,-4.36406
1.923227,-4.373584
1.946607,-4.384469
1.969997,-4.388551
1.993387,-4.389912
2.016768,-4.391272
2.040158,-4.391272
,
,
1.595807,-4.127319
1.619197,-4.127319
1.642577,-4.127319
1.665967,-4.125959
1.689357,-4.124598
1.712737,-4.121877
1.736127,-4.120517
1.759517,-4.119156
1.782897,-4.117795
1.806287,-4.117795
1.829677,-4.116435
1.853057,-4.116435
1.876447,-4.115074
1.899837,-4.115074
1.923227,-4.115074
1.946607,-4.115074
1.969997,-4.116435
1.993387,-4.116435
2.016768,-4.116435
2.040158,-4.116435
,
,
1.595807,-3.972213
1.619197,-3.972213
1.642577,-3.972213
1.665967,-3.972213
1.689357,-3.970852
1.712737,-3.969492
1.736127,-3.968132
1.759517,-3.966771
1.782897,-3.965411
1.806287,-3.962689
1.829677,-3.959968
1.853057,-3.955887
1.876447,-3.951804
1.899837,-3.946362
1.923227,-3.939559
1.946607,-3.932756
1.969997,-3.924593
1.993387,-3.915069
2.016768,-3.904184
2.040158,-3.890579
,
,
1.595807,-3.608938
1.619197,-3.610299
1.642577,-3.61438
1.665967,-3.621184
1.689357,-3.630708
1.712737,-3.642953
1.736127,-3.656559
1.759517,-3.672885
1.782897,-3.689213
1.806287,-3.708261
1.829677,-3.728669
1.853057,-3.747717
1.876447,-3.768126
1.899837,-3.788535
1.923227,-3.808944
1.946607,-3.826631
1.969997,-3.845679
1.993387,-3.862006
2.016768,-3.876973
2.040158,-3.890579
,
,
1.595807,-2.905518
1.619197,-2.904158
1.642577,-2.900077
1.665967,-2.894634
1.689357,-2.88511
1.712737,-2.874225
1.736127,-2.86062
1.759517,-2.844292
1.782897,-2.827965
1.806287,-2.808917
1.829677,-2.789869
1.853057,-2.76946
1.876447,-2.749051
1.899837,-2.730003
1.923227,-2.710955
1.946607,-2.694629
1.969997,-2.681022
1.993387,-2.670138
2.016768,-2.663335
2.040158,-2.660614
,
,
1.595807,-2.868783
1.619197,-2.868783
1.642577,-2.864701
1.665967,-2.86062
1.689357,-2.853817
1.712737,-2.844292
1.736127,-2.834768
1.759517,-2.821163
1.782897,-2.807556
1.806287,-2.79123
1.829677,-2.773542
1.853057,-2.754494
1.876447,-2.734086
1.899837,-2.712316
1.923227,-2.691907
1.946607,-2.670138
1.969997,-2.648369
1.993387,-2.62796
2.016768,-2.608912
2.040158,-2.598027
,
,
1.595807,-2.606191
1.619197,-2.60483
1.642577,-2.602109
1.665967,-2.596667
1.689357,-2.589864
1.712737,-2.58034
1.736127,-2.570816
1.759517,-2.55857
1.782897,-2.546325
1.806287,-2.53272
1.829677,-2.521835
1.853057,-2.517753
1.876447,-2.516392
1.899837,-2.517753
1.923227,-2.521835
1.946607,-2.528638
1.969997,-2.538162
1.993387,-2.550407
2.016768,-2.564013
2.040158,-2.572177
,
,
1.595807,-2.588503
1.619197,-2.587143
1.642577,-2.584421
1.665967,-2.578979
1.689357,-2.570816
1.712737,-2.562653
1.736127,-2.553129
1.759517,-2.543604
1.782897,-2.535441
1.806287,-2.527277
1.829677,-2.519113
1.853057,-2.505508
1.876447,-2.491902
1.899837,-2.478297
1.923227,-2.466051
1.946607,-2.455167
1.969997,-2.445643
1.993387,-2.437479
2.016768,-2.432036
2.040158,-2.426594
,
,
1.595807,-2.497344
1.619197,-2.497344
1.642577,-2.494624
1.665967,-2.491902
1.689357,-2.489181
1.712737,-2.483739
1.736127,-2.478297
1.759517,-2.471493
1.782897,-2.466051
1.806287,-2.459249
1.829677,-2.452445
1.853057,-2.445643
1.876447,-2.4402
1.899837,-2.434758
1.923227,-2.429316
1.946607,-2.426594
1.969997,-2.423873
1.993387,-2.423873
2.016768,-2.423873
2.040158,-2.426594
,
,
1.595807,-1.878281
1.619197,-1.879641
1.642577,-1.883723
1.665967,-1.889165
1.689357,-1.898689
1.712737,-1.909574
1.736127,-1.92318
1.759517,-1.939507
1.782897,-1.955833
1.806287,-1.974882
1.829677,-1.99393
1.853057,-2.014339
1.876447,-2.034747
1.899837,-2.053795
1.923227,-2.072844
1.946607,-2.08917
1.969997,-2.104137
1.993387,-2.115021
2.016768,-2.121825
2.040158,-2.123185
,
,
1.595807,-1.66467
1.619197,-1.66467
1.642577,-1.66467
1.665967,-1.66467
1.689357,-1.66467
1.712737,-1.663309
1.736127,-1.661948
1.759517,-1.659227
1.782897,-1.656506
1.806287,-1.652424
1.829677,-1.648342
1.853057,-1.64154
1.876447,-1.632016
1.899837,-1.622492
1.923227,-1.608886
1.946607,-1.59392
1.969997,-1.576232
1.993387,-1.555823
2.016768,-1.531333
2.040158,-1.505482
,
,
1.595807,-0.943562
1.619197,-0.947644
1.642577,-0.955808
1.665967,-0.970774
1.689357,-0.989822
1.712737,-1.015673
1.736127,-1.044245
1.759517,-1.075539
1.782897,-1.110913
1.806287,-1.147649
1.829677,-1.185746
1.853057,-1.223842
1.876447,-1.263299
1.899837,-1.302755
1.923227,-1.340851
1.946607,-1.377587
1.969997,-1.412962
1.993387,-1.445616
2.016768,-1.476909
2.040158,-1.505482
,
,
1.595807,1.840184
1.619197,1.842906
1.642577,1.85379
1.665967,1.868757
1.689357,1.890526
1.712737,1.916377
1.736127,1.94631
1.759517,1.977603
1.782897,2.008896
1.806287,2.04019
1.829677,2.068762
1.853057,2.095973
1.876447,2.120464
1.899837,2.140873
1.923227,2.15856
1.946607,2.173527
1.969997,2.185772
1.993387,2.195296
2.016768,2.20482
2.040158,2.212983
,
,
1.595807,2.51095
1.619197,2.508229
1.642577,2.500066
1.665967,2.487821
1.689357,2.470133
1.712737,2.449724
1.736127,2.427955
1.759517,2.404825
1.782897,2.380335
1.806287,2.357205
1.829677,2.334075
1.853057,2.313666
1.876447,2.294618
1.899837,2.276931
1.923227,2.263325
1.946607,2.249719
1.969997,2.238834
1.993387,2.229311
2.016768,2.221147
2.040158,2.212983
,
,
1.595807,2.632042
1.619197,2.6266
1.642577,2.612994
1.665967,2.592585
1.689357,2.568095
1.712737,2.540883
1.736127,2.513672
1.759517,2.489181
1.782897,2.468772
1.806287,2.453806
1.829677,2.444282
1.853057,2.442921
1.876447,2.448364
1.899837,2.460609
1.923227,2.479657
1.946607,2.504148
1.969997,2.53272
1.993387,2.559931
2.016768,2.583061
2.040158,2.592585
,
,
1.595807,3.267433
1.619197,3.268793
1.642577,3.274236
1.665967,3.279678
1.689357,3.286481
1.712737,3.290563
1.736127,3.290563
1.759517,3.28512
1.782897,3.275596
1.806287,3.257909
1.829677,3.233418
1.853057,3.202125
1.876447,3.164029
1.899837,3.12049
1.923227,3.07287
1.946607,3.022528
1.969997,2.973547
1.993387,2.930009
2.016768,2.898716
2.040158,2.886471
,
,
1.595807,3.876973
1.619197,3.879694
1.642577,3.885136
1.665967,3.89466
1.689357,3.908266
1.712737,3.924593
1.736127,3.946362
1.759517,3.970853
1.782897,4.000785
1.806287,4.03344
1.829677,4.068814
1.853057,4.108271
1.876447,4.150449
1.899837,4.193988
1.923227,4.238887
1.946607,4.285146
1.969997,4.331407
1.993387,4.342291
2.016768,4.346373
2.040158,4.347733
,
,
1.595807,4.155891
1.619197,4.157252
1.642577,4.161334
1.665967,4.166776
1.689357,4.1763
1.712737,4.185824
1.736127,4.19807
1.759517,4.213036
1.782897,4.228003
1.806287,4.242969
1.829677,4.259295
1.853057,4.274262
1.876447,4.289228
1.899837,4.302834
1.923227,4.31644
1.946607,4.325964
1.969997,4.335488
1.993387,4.376306
2.016768,4.422565
2.040158,4.466104
,
,
1.595807,4.804888
1.619197,4.806249
1.642577,4.810331
1.665967,4.815773
1.689357,4.821215
1.712737,4.822576
1.736127,4.821215
1.759517,4.815773
1.782897,4.804888
1.806287,4.791282
1.829677,4.772234
1.853057,4.749104
1.876447,4.721893
1.899837,4.69332
1.923227,4.660667
1.946607,4.626652
1.969997,4.588556
1.993387,4.55046
2.016768,4.508282
2.040158,4.466104
,
,
1.595807,4.853869
1.619197,4.862032
1.642577,4.885162
1.665967,4.923258
1.689357,4.9736
1.712737,5.030745
1.736127,5.089249
1.759517,5.13687
1.782897,5.155918
1.806287,5.150476
1.829677,5.131427
1.853057,5.109658
1.876447,5.09197
1.899837,5.077004
1.923227,5.068841
1.946607,5.063398
1.969997,5.062037
1.993387,5.062037
2.016768,5.062037
2.040158,5.062037
,
,
1.595807,5.336875
1.619197,5.342318
1.642577,5.357284
1.665967,5.384495
1.689357,5.422592
1.712737,5.474294
1.736127,5.455245
1.759517,5.447082
1.782897,5.472933
1.806287,5.531438
1.829677,5.610352
1.853057,5.696068
1.876447,5.780424
1.899837,5.859338
1.923227,5.927367
1.946607,5.98315
1.969997,6.025328
1.993387,6.055261
2.016768,6.071589
2.040158,6.07703
,
,
1.595807,5.608991
1.619197,5.602188
1.642577,5.584501
1.665967,5.555928
1.689357,5.520553
1.712737,5.485178
1.736127,5.53688
1.759517,5.611712
1.782897,5.696068
1.806287,5.788588
1.829677,5.887909
1.853057,5.991314
1.876447,6.096078
1.899837,6.203564
1.923227,6.30969
1.946607,6.414454
1.969997,6.515137
1.993387,6.611738
2.016768,6.701537
2.040158,6.784532
,
,
1.595807,6.894739
1.619197,6.886576
1.642577,6.867527
1.665967,6.837595
1.689357,6.800859
1.712737,6.762763
1.736127,6.727388
1.759517,6.697455
1.782897,6.677046
1.806287,6.667522
1.829677,6.672965
1.853057,6.692013
1.876447,6.726027
1.899837,6.775008
1.923227,6.833513
1.946607,6.887937
1.969997,6.917869
1.993387,6.904263
2.016768,6.853921
2.040158,6.784532
,
,
1.595807,7.62673
1.619197,7.625371
1.642577,7.621289
1.665967,7.614486
1.689357,7.604962
1.712737,7.591356
1.736127,7.572308
1.759517,7.550539
1.782897,7.524687
1.806287,7.493394
1.829677,7.452577
1.853057,7.407678
1.876447,7.368221
1.899837,7.336928
1.923227,7.301552
1.946607,7.279784
1.969997,7.294749
1.993387,7.293389
2.016768,7.294749
2.040158,7.294749
,
,
1.595807,7.832178
1.619197,7.824015
1.642577,7.800885
1.665967,7.770953
1.689357,7.732856
1.712737,7.692039
1.736127,7.64714
1.759517,7.599519
1.782897,7.549178
1.806287,7.500197
1.829677,7.45938
1.853057,7.421283
1.876447,7.380466
1.899837,7.338288
1.923227,7.315158
1.946607,7.300191
1.969997,7.29611
1.993387,7.369581
2.016768,7.489312
2.040158,7.638976
,
,
1.595807,8.068919
1.619197,8.081165
1.642577,8.11654
1.665967,8.165521
1.689357,8.226748
1.712737,8.293415
1.736127,8.364165
1.759517,8.433556
1.782897,8.500223
1.806287,8.557367
1.829677,8.602267
1.853057,8.629479
1.876447,8.637642
1.899837,8.629479
1.923227,8.60907
1.946607,8.400901
1.969997,8.194093
1.993387,7.995448
2.016768,7.809049
2.040158,7.638976
,
,
1.595807,9.285278
1.619197,9.283918
1.642577,9.277115
1.665967,9.26759
1.689357,9.252625
1.712737,9.236297
1.736127,9.217249
1.759517,9.19684
1.782897,9.176433
1.806287,9.158744
1.829677,9.14922
1.853057,9.14786
1.876447,9.045815
1.899837,8.829483
1.923227,8.613151
1.946607,8.581858
1.969997,8.553287
1.993387,8.528795
2.016768,8.512468
2.040158,8.507026
,
,
1.595807,9.798217
1.619197,9.796856
1.642577,9.792775
1.665967,9.787332
1.689357,9.779168
1.712737,9.768284
1.736127,9.757399
1.759517,9.745154
1.782897,9.731548
1.806287,9.668962
1.829677,9.468957
1.853057,9.260788
1.876447,9.158744
1.899837,9.177793
1.923227,9.202283
1.946607,9.228134
1.969997,9.251264
1.993387,9.26895
2.016768,9.281197
2.040158,9.285278
,
,
1.595807,9.904342
1.619197,9.923389
1.642577,9.977814
1.665967,10.064891
1.689357,10.181901
1.712737,10.3234
1.736127,10.190063
1.759517,10.032236
1.782897,9.858082
1.806287,9.716582
1.829677,9.701615
1.853057,9.688009
1.876447,9.674404
1.899837,9.662159
1.923227,9.651274
1.946607,9.640389
1.969997,9.633587
1.993387,9.628144
2.016768,9.624063
2.040158,9.622702
,
,
1.595807,10.659464
1.619197,10.645858
1.642577,10.605041
1.665967,10.537011
1.689357,10.444492
1.712737,10.328843
1.736127,10.48531
1.759517,10.663546
1.782897,10.854027
1.806287,11.051311
1.829677,11.252676
1.853057,11.456764
1.876447,11.65949
1.899837,11.858135
1.923227,11.913918
1.946607,11.923442
1.969997,11.930245
1.993387,11.935688
2.016768,11.938409
2.040158,11.93977
,
,
1.595807,11.780582
1.619197,11.780582
1.642577,11.784664
1.665967,11.790106
1.689357,11.796908
1.712737,11.806433
1.736127,11.817317
1.759517,11.828202
1.782897,11.841807
1.806287,11.854053
1.829677,11.867659
1.853057,11.879904
1.876447,11.89215
1.899837,11.904394
1.923227,12.051337
1.946607,12.236376
1.969997,12.411891
1.993387,12.577881
2.016768,12.732988
2.040158,12.875848
,
,
1.595807,13.645936
1.619197,13.650019
1.642577,13.663625
1.665967,13.685394
1.689357,13.715326
1.712737,13.754785
1.736127,13.799683
1.759517,13.821452
1.782897,13.783357
1.806287,13.739818
1.829677,13.690836
1.853057,13.635053
1.876447,13.572466
1.899837,13.503076
1.923227,13.424162
1.946607,13.335724
1.969997,13.237762
1.993387,13.128917
2.016768,13.007825
2.040158,12.875848
,
,
1.595807,13.945265
1.619197,13.942543
1.642577,13.93438
1.665967,13.922134
1.689357,13.904447
1.712737,13.881318
1.736127,13.854105
1.759517,13.852746
1.782897,13.911249
1.806287,13.976559
1.829677,14.044586
1.853057,14.116697
1.876447,14.192889
1.899837,14.269081
1.923227,14.346636
1.946607,14.421467
1.969997,14.493577
1.993387,14.557525
2.016768,14.603785
2.040158,14.622832
,
,
1.595807,16.376621
1.619197,16.369818
1.642577,16.349409
1.665967,16.316755
1.689357,16.271856
1.712737,16.216072
1.736127,16.149403
1.759517,16.074572
1.782897,15.990217
1.806287,15.900418
1.829677,15.806539
1.853057,15.708577
1.876447,15.609253
1.899837,15.509932
1.923227,15.413329
1.946607,15.319449
1.969997,15.233734
1.993387,15.160261
2.016768,15.1072
2.040158,15.086791
,
,
2.040158,-14.467727
2.066478,-14.467727
2.092788,-14.467727
2.119107,-14.467727
2.145417,-14.469088
2.171737,-14.469088
2.198047,-14.470448
2.224367,-14.470448
2.250687,-14.471809
2.276997,-14.471809
2.303317,-14.473169
2.329627,-14.473169
2.355947,-14.473169
2.382267,-14.47453
2.408577,-14.47453
2.434897,-14.47453
2.461207,-14.47589
2.487527,-14.47589
2.513837,-14.47589
2.540157,-14.47589
,
,
2.040158,-13.040478
2.066478,-13.04456
2.092788,-13.056807
2.119107,-13.070411
2.145417,-13.085379
2.171737,-13.100344
2.198047,-13.116672
2.224367,-13.130277
2.250687,-13.145244
2.276997,-13.158849
2.303317,-13.171094
2.329627,-13.18334
2.355947,-13.192864
2.382267,-13.202388
2.408577,-13.210551
2.434897,-13.217354
2.461207,-13.222797
2.487527,-13.225517
2.513837,-13.228238
2.540157,-13.229599
,
,
2.040158,-13.040478
2.066478,-13.039118
2.092788,-13.039118
2.119107,-13.037758
2.145417,-13.036397
2.171737,-13.035036
2.198047,-13.032315
2.224367,-13.030954
2.250687,-13.028234
2.276997,-13.025513
2.303317,-13.022791
2.329627,-13.020069
2.355947,-13.01871
2.382267,-13.015988
2.408577,-13.014627
2.434897,-13.013267
2.461207,-13.011906
2.487527,-13.010546
2.513837,-13.010546
2.540157,-13.010546
,
,
2.040158,-12.986055
2.066478,-12.980613
2.092788,-12.969729
2.119107,-12.956122
2.145417,-12.942516
2.171737,-12.928911
2.198047,-12.915305
2.224367,-12.9017
2.250687,-12.890816
2.276997,-12.87857
2.303317,-12.867685
2.329627,-12.858161
2.355947,-12.849998
2.382267,-12.843194
2.408577,-12.836391
2.434897,-12.83095
2.461207,-12.826867
2.487527,-12.824145
2.513837,-12.822786
2.540157,-12.821425
,
,
2.040158,-8.082525
2.066478,-8.082525
2.092788,-8.086607
2.119107,-8.09341
2.145417,-8.102934
2.171737,-8.112458
2.198047,-8.126063
2.224367,-8.139669
2.250687,-8.153275
2.276997,-8.168242
2.303317,-8.183208
2.329627,-8.198174
2.355947,-8.211781
2.382267,-8.224026
2.408577,-8.236271
2.434897,-8.245795
2.461207,-8.252598
2.487527,-8.2594
2.513837,-8.262121
2.540157,-8.263482
,
,
2.040158,-6.130093
2.066478,-6.128733
2.092788,-6.127372
2.119107,-6.12329
2.145417,-6.119208
2.171737,-6.112405
2.198047,-6.105603
2.224367,-6.0988
2.250687,-6.090636
2.276997,-6.082472
2.303317,-6.074309
2.329627,-6.066146
2.355947,-6.059343
2.382267,-6.052539
2.408577,-6.047098
2.434897,-6.041656
2.461207,-6.038934
2.487527,-6.036213
2.513837,-6.033492
2.540157,-6.033492
,
,
2.040158,-6.130093
2.066478,-6.128733
2.092788,-6.127372
2.119107,-6.12329
2.145417,-6.117848
2.171737,-6.112405
2.198047,-6.104242
2.224367,-6.097439
2.250687,-6.087915
2.276997,-6.079751
2.303317,-6.071589
2.329627,-6.063425
2.355947,-6.055261
2.382267,-6.048458
2.408577,-6.041656
2.434897,-6.037574
2.461207,-6.032132
2.487527,-6.02941
2.513837,-6.028049
2.540157,-6.026689
,
,
2.040158,-5.555928
2.066478,-5.555928
2.092788,-5.551847
2.119107,-5.546404
2.145417,-5.538241
2.171737,-5.527356
2.198047,-5.513751
2.224367,-5.496062
2.250687,-5.477015
2.276997,-5.453885
2.303317,-5.426673
2.329627,-5.398101
2.355947,-5.364086
2.382267,-5.328712
2.408577,-5.290615
2.434897,-5.259322
2.461207,-5.264764
2.487527,-5.267485
2.513837,-5.268846
2.540157,-5.270207
,
,
2.040158,-5.041629
2.066478,-5.056595
2.092788,-5.078365
2.119107,-5.101494
2.145417,-5.121903
2.171737,-5.142312
2.198047,-5.159999
2.224367,-5.176327
2.250687,-5.191293
2.276997,-5.206259
2.303317,-5.218504
2.329627,-5.229389
2.355947,-5.238913
2.382267,-5.247077
2.408577,-5.25388
2.434897,-5.249798
2.461207,-5.20898
2.487527,-5.169523
2.513837,-5.135509
2.540157,-5.121903
,
,
2.040158,-5.006254
2.066478,-5.004893
2.092788,-5.002172
2.119107,-4.99673
2.145417,-4.989927
2.171737,-4.980403
2.198047,-4.97224
2.224367,-4.961355
2.250687,-4.951831
2.276997,-4.943667
2.303317,-4.935504
2.329627,-4.930061
2.355947,-4.92598
2.382267,-4.921898
2.408577,-4.921898
2.434897,-4.921898
2.461207,-4.92598
2.487527,-4.939585
2.513837,-4.959994
2.540157,-4.97224
,
,
2.040158,-5.006254
2.066478,-4.991288
2.092788,-4.964076
2.119107,-4.934143
2.145417,-4.901489
2.171737,-4.868835
2.198047,-4.836181
2.224367,-4.803527
2.250687,-4.769513
2.276997,-4.736859
2.303317,-4.705566
2.329627,-4.681075
2.355947,-4.711008
2.382267,-4.743662
2.408577,-4.780398
2.434897,-4.818494
2.461207,-4.855229
2.487527,-4.883802
2.513837,-4.896047
2.540157,-4.898768
,
,
2.040158,-4.570868
2.066478,-4.570868
2.092788,-4.573589
2.119107,-4.577671
2.145417,-4.583114
2.171737,-4.589917
2.198047,-4.59808
2.224367,-4.607604
2.250687,-4.62121
2.276997,-4.637537
2.303317,-4.656585
2.329627,-4.675633
2.355947,-4.647061
2.382267,-4.622571
2.408577,-4.599441
2.434897,-4.581753
2.461207,-4.566786
2.487527,-4.555902
2.513837,-4.55046
2.540157,-4.547738
,
,
2.040158,-4.436171
2.066478,-4.437531
2.092788,-4.441613
2.119107,-4.445695
2.145417,-4.449776
2.171737,-4.452498
2.198047,-4.455219
2.224367,-4.45658
2.250687,-4.457941
2.276997,-4.457941
2.303317,-4.45658
2.329627,-4.455219
2.355947,-4.453859
2.382267,-4.449776
2.408577,-4.445695
2.434897,-4.440252
2.461207,-4.434811
2.487527,-4.429368
2.513837,-4.425286
2.540157,-4.423926
,
,
2.040158,-4.436171
2.066478,-4.437531
2.092788,-4.438892
2.119107,-4.441613
2.145417,-4.444335
2.171737,-4.448416
2.198047,-4.451137
2.224367,-4.453859
2.250687,-4.455219
2.276997,-4.455219
2.303317,-4.451137
2.329627,-4.442974
2.355947,-4.432089
2.382267,-4.418484
2.408577,-4.403517
2.434897,-4.38719
2.461207,-4.370863
2.487527,-4.358618
2.513837,-4.349094
2.540157,-4.346373
,
,
2.040158,-4.391272
2.066478,-4.388551
2.092788,-4.380387
2.119107,-4.369503
2.145417,-4.354536
2.171737,-4.338209
2.198047,-4.320522
2.224367,-4.300113
2.250687,-4.279704
2.276997,-4.259295
2.303317,-4.238887
2.329627,-4.221199
2.355947,-4.206233
2.382267,-4.196709
2.408577,-4.191266
2.434897,-4.191266
2.461207,-4.193988
2.487527,-4.19807
2.513837,-4.202151
2.540157,-4.202151
,
,
2.040158,-4.116435
2.066478,-4.115074
2.092788,-4.115074
2.119107,-4.112352
2.145417,-4.110992
2.171737,-4.109632
2.198047,-4.108271
2.224367,-4.108271
2.250687,-4.108271
2.276997,-4.110992
2.303317,-4.115074
2.329627,-4.120517
2.355947,-4.125959
2.382267,-4.134122
2.408577,-4.140925
2.434897,-4.149088
2.461207,-4.157252
2.487527,-4.162694
2.513837,-4.168137
2.540157,-4.169497
,
,
2.040158,-3.890579
2.066478,-3.891939
2.092788,-3.893299
2.119107,-3.896021
2.145417,-3.898742
2.171737,-3.902823
2.198047,-3.906906
2.224367,-3.912347
2.250687,-3.91643
2.276997,-3.920511
2.303317,-3.921871
2.329627,-3.920511
2.355947,-3.915069
2.382267,-3.904184
2.408577,-3.889218
2.434897,-3.876973
2.461207,-3.876973
2.487527,-3.876973
2.513837,-3.876973
2.540157,-3.876973
,
,
2.040158,-3.890579
2.066478,-3.890579
2.092788,-3.890579
2.119107,-3.891939
2.145417,-3.890579
2.171737,-3.890579
2.198047,-3.890579
2.224367,-3.889218
2.250687,-3.887857
2.276997,-3.886497
2.303317,-3.885136
2.329627,-3.883775
2.355947,-3.881054
2.382267,-3.879694
2.408577,-3.878333
2.434897,-3.868809
2.461207,-3.8484
2.487527,-3.827992
2.513837,-3.813025
2.540157,-3.807583
,
,
2.040158,-2.660614
2.066478,-2.67422
2.092788,-2.712316
2.119107,-2.764018
2.145417,-2.821163
2.171737,-2.882389
2.198047,-2.943615
2.224367,-3.006202
2.250687,-3.066067
2.276997,-3.124572
2.303317,-3.181716
2.329627,-3.23614
2.355947,-3.287841
2.382267,-3.335461
2.408577,-3.380361
2.434897,-3.421178
2.461207,-3.456554
2.487527,-3.486486
2.513837,-3.505534
2.540157,-3.512337
,
,
2.040158,-2.598027
2.066478,-2.600749
2.092788,-2.648369
2.119107,-2.713677
2.145417,-2.783066
2.171737,-2.853817
2.198047,-2.924567
2.224367,-2.993956
2.250687,-3.059264
2.276997,-3.12185
2.303317,-3.178995
2.329627,-3.229336
2.355947,-3.274236
2.382267,-3.312332
2.408577,-3.344986
2.434897,-3.370837
2.461207,-3.391246
2.487527,-3.404851
2.513837,-3.413015
2.540157,-3.415736
,
,
2.040158,-2.572177
2.066478,-2.596667
2.092788,-2.602109
2.119107,-2.600749
2.145417,-2.598027
2.171737,-2.593946
2.198047,-2.588503
2.224367,-2.583061
2.250687,-2.596667
2.276997,-2.656532
2.303317,-2.716398
2.329627,-2.773542
2.355947,-2.826605
2.382267,-2.875586
2.408577,-2.919125
2.434897,-2.957221
2.461207,-2.987154
2.487527,-3.008922
2.513837,-3.022528
2.540157,-3.02661
,
,
2.040158,-2.426594
2.066478,-2.412988
2.092788,-2.387137
2.119107,-2.374892
2.145417,-2.389859
2.171737,-2.427955
2.198047,-2.479657
2.224367,-2.536801
2.250687,-2.577619
2.276997,-2.572177
2.303317,-2.568094
2.329627,-2.565373
2.355947,-2.564013
2.382267,-2.564013
2.408577,-2.565373
2.434897,-2.566734
2.461207,-2.569455
2.487527,-2.570816
2.513837,-2.572177
2.540157,-2.573537
,
,
2.040158,-2.426594
2.066478,-2.411628
2.092788,-2.380335
2.119107,-2.342239
2.145417,-2.302782
2.171737,-2.267406
2.198047,-2.234753
2.224367,-2.207541
2.250687,-2.184411
2.276997,-2.165363
2.303317,-2.150397
2.329627,-2.136791
2.355947,-2.125906
2.382267,-2.115021
2.408577,-2.105497
2.434897,-2.097334
2.461207,-2.08917
2.487527,-2.083728
2.513837,-2.079647
2.540157,-2.078286
,
,
2.040158,-2.123185
2.066478,-2.129988
2.092788,-2.144954
2.119107,-2.1572
2.145417,-2.151757
2.171737,-2.13407
2.198047,-2.108219
2.224367,-2.081007
2.250687,-2.055156
2.276997,-2.032026
2.303317,-2.010257
2.329627,-1.991209
2.355947,-1.974882
2.382267,-1.961276
2.408577,-1.950391
2.434897,-1.940867
2.461207,-1.934064
2.487527,-1.928622
2.513837,-1.925901
2.540157,-1.92454
,
,
2.040158,-1.505482
2.066478,-1.506842
2.092788,-1.509563
2.119107,-1.513645
2.145417,-1.519087
2.171737,-1.52589
2.198047,-1.534054
2.224367,-1.544939
2.250687,-1.555823
2.276997,-1.569429
2.303317,-1.583035
2.329627,-1.599362
2.355947,-1.615689
2.382267,-1.633376
2.408577,-1.651064
2.434897,-1.66603
2.461207,-1.680997
2.487527,-1.691881
2.513837,-1.698684
2.540157,-1.701405
,
,
2.040158,-1.505482
2.066478,-1.493237
2.092788,-1.457861
2.119107,-1.403438
2.145417,-1.339491
2.171737,-1.26602
2.198047,-1.191188
2.224367,-1.113635
2.250687,-1.037442
2.276997,-0.963971
2.303317,-0.893221
2.329627,-0.826552
2.355947,-0.766687
2.382267,-0.712263
2.408577,-0.666004
2.434897,-0.626547
2.461207,-0.595254
2.487527,-0.573484
2.513837,-0.559879
2.540157,-0.555797
,
,
2.040158,2.212983
2.066478,2.196656
2.092788,2.155839
2.119107,2.105498
2.145417,2.056517
2.171737,2.011618
2.198047,1.976243
2.224367,1.950391
2.250687,1.935425
2.276997,1.929983
2.303317,1.935425
2.329627,1.950391
2.355947,1.973521
2.382267,2.002094
2.408577,2.034747
2.434897,2.070122
2.461207,2.06468
2.487527,2.059238
2.513837,2.055156
2.540157,2.053795
,
,
2.040158,2.212983
2.066478,2.210262
2.092788,2.203459
2.119107,2.192575
2.145417,2.18033
2.171737,2.169445
2.198047,2.15856
2.224367,2.147676
2.250687,2.138151
2.276997,2.128627
2.303317,2.120464
2.329627,2.11094
2.355947,2.101416
2.382267,2.090531
2.408577,2.081007
2.434897,2.072844
2.461207,2.102776
2.487527,2.129988
2.513837,2.149036
2.540157,2.155839
,
,
2.040158,2.592585
2.066478,2.612994
2.092788,2.664696
2.119107,2.731364
2.145417,2.802114
2.171737,2.871504
2.198047,2.93273
2.224367,2.981711
2.250687,3.019807
2.276997,3.042937
2.303317,3.053822
2.329627,3.052461
2.355947,3.040216
2.382267,3.021168
2.408577,2.995317
2.434897,2.968105
2.461207,2.939533
2.487527,2.916403
2.513837,2.900076
2.540157,2.894634
,
,
2.040158,2.886471
2.066478,2.897355
2.092788,2.928648
2.119107,2.97899
2.145417,3.044298
2.171737,3.121851
2.198047,3.204846
2.224367,3.289202
2.250687,3.365395
2.276997,3.42526
2.303317,3.459275
2.329627,3.475602
2.355947,3.482404
2.382267,3.486486
2.408577,3.490568
2.434897,3.49465
2.461207,3.500092
2.487527,3.504174
2.513837,3.506895
2.540157,3.508255
,
,
2.040158,4.347733
2.066478,4.296031
2.092788,4.213036
2.119107,4.125959
2.145417,4.044324
2.171737,3.970853
2.198047,3.908266
2.224367,3.863367
2.250687,3.840237
2.276997,3.8484
2.303317,3.890579
2.329627,3.959968
2.355947,4.041603
2.382267,4.124598
2.408577,4.202151
2.434897,4.271541
2.461207,4.327324
2.487527,4.368142
2.513837,4.392632
2.540157,4.402157
,
,
2.040158,4.466104
2.066478,4.468825
2.092788,4.476988
2.119107,4.490594
2.145417,4.512363
2.171737,4.545017
2.198047,4.588556
2.224367,4.64434
2.250687,4.713729
2.276997,4.795364
2.303317,4.887884
2.329627,4.985846
2.355947,5.034826
2.382267,5.077004
2.408577,5.119182
2.434897,5.157279
2.461207,5.189932
2.487527,5.214423
2.513837,5.23075
2.540157,5.236192
,
,
2.040158,4.466104
2.066478,4.512363
2.092788,4.584474
2.119107,4.651143
2.145417,4.708287
2.171737,4.755908
2.198047,4.798086
2.224367,4.836182
2.250687,4.874278
2.276997,4.912374
2.303317,4.951831
2.329627,4.992648
2.355947,5.086528
2.382267,5.18449
2.408577,5.274289
2.434897,5.353202
2.461207,5.415789
2.487527,5.457966
2.513837,5.481096
2.540157,5.487899
,
,
2.040158,5.062037
2.066478,5.071562
2.092788,5.098773
2.119107,5.143672
2.145417,5.202178
2.171737,5.272928
2.198047,5.34776
2.224367,5.421231
2.250687,5.48926
2.276997,5.547765
2.303317,5.596746
2.329627,5.633482
2.355947,5.662054
2.382267,5.682462
2.408577,5.696068
2.434897,5.705592
2.461207,5.711034
2.487527,5.706953
2.513837,5.696068
2.540157,5.691987
,
,
2.040158,6.07703
2.066478,6.079751
2.092788,6.087915
2.119107,6.100161
2.145417,6.115127
2.171737,6.132814
2.198047,6.14778
2.224367,6.157305
2.250687,6.153223
2.276997,6.130093
2.303317,6.082473
2.329627,6.019886
2.355947,5.951857
2.382267,5.883828
2.408577,5.822602
2.434897,5.7709
2.461207,5.732804
2.487527,5.712395
2.513837,5.712395
2.540157,5.712395
,
,
2.040158,6.784532
2.066478,6.777729
2.092788,6.760042
2.119107,6.730109
2.145417,6.690652
2.171737,6.641671
2.198047,6.587248
2.224367,6.530104
2.250687,6.479762
2.276997,6.444387
2.303317,6.4267
2.329627,6.394046
2.355947,6.321935
2.382267,6.251185
2.408577,6.184516
2.434897,6.126011
2.461207,6.07703
2.487527,6.041656
2.513837,6.021247
2.540157,6.014444
,
,
2.040158,6.784532
2.066478,6.781811
2.092788,6.776369
2.119107,6.764123
2.145417,6.747796
2.171737,6.723306
2.198047,6.690652
2.224367,6.648474
2.250687,6.595411
2.276997,6.534185
2.303317,6.466156
2.329627,6.422618
2.355947,6.422618
2.382267,6.423978
2.408577,6.423978
2.434897,6.421257
2.461207,6.419897
2.487527,6.417175
2.513837,6.415815
2.540157,6.415815
,
,
2.040158,7.294749
2.066478,7.289308
2.092788,7.27298
2.119107,7.247129
2.145417,7.213115
2.171737,7.175019
2.198047,7.138282
2.224367,7.10699
2.250687,7.08522
2.276997,7.053927
2.303317,7.01311
2.329627,6.987258
2.355947,6.976374
2.382267,6.979095
2.408577,6.995422
2.434897,7.019913
2.461207,7.049845
2.487527,7.077057
2.513837,7.097466
2.540157,7.105629
,
,
2.040158,7.638976
2.066478,7.621289
2.092788,7.572308
2.119107,7.502918
2.145417,7.419923
2.171737,7.334206
2.198047,7.251211
2.224367,7.173658
2.250687,7.10835
2.276997,7.074336
2.303317,7.075696
2.329627,7.087942
2.355947,7.10835
2.382267,7.138282
2.408577,7.172298
2.434897,7.210394
2.461207,7.245768
2.487527,7.277062
2.513837,7.297471
2.540157,7.305634
,
,
2.040158,7.638976
2.066478,7.633534
2.092788,7.618567
2.119107,7.598159
2.145417,7.575029
2.171737,7.55462
2.198047,7.539654
2.224367,7.53013
2.250687,7.53013
2.276997,7.538293
2.303317,7.555981
2.329627,7.583193
2.355947,7.618567
2.382267,7.662106
2.408577,7.712448
2.434897,7.76551
2.461207,7.818573
2.487527,7.867554
2.513837,7.902929
2.540157,7.916534
,
,
2.040158,8.507026
2.066478,8.520633
2.092788,8.558728
2.119107,8.611791
2.145417,8.670296
2.171737,8.728801
2.198047,8.779141
2.224367,8.817239
2.250687,8.841729
2.276997,8.849893
2.303317,8.840368
2.329627,8.811796
2.355947,8.769618
2.382267,8.713835
2.408577,8.648527
2.434897,8.580498
2.461207,8.515189
2.487527,8.460767
2.513837,8.424031
2.540157,8.410425
,
,
2.040158,9.285278
2.066478,9.297523
2.092788,9.33562
2.119107,9.394125
2.145417,9.467596
2.171737,9.549231
2.198047,9.634948
2.224367,9.716582
2.250687,9.785971
2.276997,9.833591
2.303317,9.85128
2.329627,9.82815
2.355947,9.764202
2.382267,9.662159
2.408577,9.534264
2.434897,9.394125
2.461207,9.258066
2.487527,9.141056
2.513837,9.060782
2.540157,9.03221
,
,
2.040158,9.622702
2.066478,9.628144
2.092788,9.645832
2.119107,9.674404
2.145417,9.71114
2.171737,9.756039
2.198047,9.806379
2.224367,9.860804
2.250687,9.919309
2.276997,9.980535
2.303317,10.04176
2.329627,10.101626
2.355947,10.160131
2.382267,10.214554
2.408577,10.264895
2.434897,10.307074
2.461207,10.341088
2.487527,10.365579
2.513837,10.381905
2.540157,10.387348
,
,
2.040158,11.93977
2.066478,11.930245
2.092788,11.905755
2.119107,11.862217
2.145417,11.803712
2.171737,11.730241
2.198047,11.644524
2.224367,11.547922
2.250687,11.445879
2.276997,11.347918
2.303317,11.2622
2.329627,11.199615
2.355947,11.162878
2.382267,11.153355
2.408577,11.160157
2.434897,11.177845
2.461207,11.198254
2.487527,11.215941
2.513837,11.226826
2.540157,11.230907
,
,
2.040158,12.875848
2.066478,12.875848
2.092788,12.874488
2.119107,12.873127
2.145417,12.871767
2.171737,12.871767
2.198047,12.866324
2.224367,12.8568
2.250687,12.844555
2.276997,12.828228
2.303317,12.80918
2.329627,12.790133
2.355947,12.768362
2.382267,12.747954
2.408577,12.727546
2.434897,12.709858
2.461207,12.694891
2.487527,12.682646
2.513837,12.675843
2.540157,12.673122
,
,
2.040158,12.875848
2.066478,12.877209
2.092788,12.877209
2.119107,12.877209
2.145417,12.875848
2.171737,12.871767
2.198047,12.873127
2.224367,12.877209
2.250687,12.885372
2.276997,12.896257
2.303317,12.909863
2.329627,12.92619
2.355947,12.945238
2.382267,12.964286
2.408577,12.983334
2.434897,13.001022
2.461207,13.015988
2.487527,13.028234
2.513837,13.035036
2.540157,13.037757
,
,
2.040158,14.622832
2.066478,14.621473
2.092788,14.617391
2.119107,14.610587
2.145417,14.601063
2.171737,14.588819
2.198047,14.572491
2.224367,14.556165
2.250687,14.535757
2.276997,14.513988
2.303317,14.490857
2.329627,14.467727
2.355947,14.444598
2.382267,14.421467
2.408577,14.401058
2.434897,14.38201
2.461207,14.367043
2.487527,14.35616
2.513837,14.349358
2.540157,14.347995
,
,
2.040158,15.086791
2.066478,15.084069
2.092788,15.073186
2.119107,15.056858
2.145417,15.03781
2.171737,15.020123
2.198047,15.005156
2.224367,14.995631
2.250687,14.995631
2.276997,15.005156
2.303317,15.024203
2.329627,15.051416
2.355947,15.08543
2.382267,15.123527
2.408577,15.162983
2.434897,15.19972
2.461207,15.232373
2.487527,15.258224
2.513837,15.274551
2.540157,15.279993
,
,
